opp,pos,games,fp_avg,pass_yds_avg,rush_yds_avg,rec_avg,rec_yds_avg,tgt_avg,td_avg,season,opp_nick,rank
ARI,K,4,0.0,0.0,0.0,0.0,0.0,0.0,0.0,2026,Cardinals,1
ATL,K,4,0.0,0.0,0.0,0.0,0.0,0.0,0.0,2026,Falcons,1
BAL,K,4,0.0,0.0,0.0,0.0,0.0,0.0,0.0,2026,Ravens,1
BUF,K,4,0.0,0.0,0.0,0.0,0.0,0.0,0.0,2026,Bills,1
CAR,K,4,0.0,0.0,0.0,0.0,0.0,0.0,0.0,2026,Panthers,1
CHI,K,4,0.0,0.0,0.0,0.0,0.0,0.0,0.0,2026,Bears,1
CIN,K,4,0.0,0.0,0.0,0.0,0.0,0.0,0.0,2026,Bengals,1
CLE,K,4,0.0,0.0,0.0,0.0,0.0,0.0,0.0,2026,Browns,1
DAL,K,4,0.0,0.0,0.0,0.0,0.0,0.0,0.0,2026,Cowboys,1
DEN,K,4,0.0,0.0,0.0,0.0,0.0,0.0,0.0,2026,Broncos,1
DET,K,4,0.0,0.0,0.0,0.0,0.0,0.0,0.0,2026,Lions,1
GB,K,4,0.0,0.0,0.0,0.0,0.0,0.0,0.0,2026,Packers,1
HOU,K,4,0.0,0.0,0.0,0.0,0.0,0.0,0.0,2026,Texans,1
IND,K,4,0.0,0.0,0.0,0.0,0.0,0.0,0.0,2026,Colts,1
JAX,K,4,0.0,0.0,0.0,0.0,0.0,0.0,0.0,2026,Jaguars,1
KC,K,4,0.0,0.0,0.0,0.0,0.0,0.0,0.0,2026,Chiefs,1
LA,K,4,0.0,0.0,0.0,0.0,0.0,0.0,0.0,2026,Rams,1
LAC,K,4,0.0,0.0,0.0,0.0,0.0,0.0,0.0,2026,Chargers,1
LV,K,4,0.0,0.0,0.0,0.0,0.0,0.0,0.0,2026,Raiders,1
MIA,K,4,0.0,0.0,0.0,0.0,0.0,0.0,0.0,2026,Dolphins,1
MIN,K,4,0.0,0.0,0.0,0.0,0.0,0.0,0.0,2026,Vikings,1
NE,K,4,0.0,0.0,0.0,0.0,0.0,0.0,0.0,2026,Patriots,1
NO,K,4,0.0,0.0,0.0,0.0,0.0,0.0,0.0,2026,Saints,1
NYG,K,4,0.0,0.0,0.0,0.0,0.0,0.0,0.0,2026,Giants,1
NYJ,K,4,0.0,0.0,0.0,0.0,0.0,0.0,0.0,2026,Jets,1
PHI,K,4,0.0,0.0,0.0,0.0,0.0,0.0,0.0,2026,Eagles,1
PIT,K,4,0.0,0.0,0.0,0.0,0.0,0.0,0.0,2026,Steelers,1
SEA,K,4,0.0,0.0,0.0,0.0,0.0,0.0,0.0,2026,Seahawks,1
SF,K,4,0.0,0.0,0.0,0.0,0.0,0.0,0.0,2026,49ers,1
TB,K,4,0.0,0.0,0.0,0.0,0.0,0.0,0.0,2026,Buccaneers,1
TEN,K,4,0.0,0.0,0.0,0.0,0.0,0.0,0.0,2026,Titans,1
WAS,K,4,0.0,0.0,0.0,0.0,0.0,0.0,0.0,2026,Commanders,1
DET,QB,4,27.880000000000003,327.0,23.0,0.0,0.0,0.0,3.25,2026,Lions,1
WAS,QB,4,22.515,251.0,19.75,0.0,0.0,0.0,3.0,2026,Commanders,2
BUF,QB,4,21.285,274.0,23.25,0.0,0.0,0.0,2.5,2026,Bills,3
ARI,QB,4,20.985,247.75,15.75,0.0,0.0,0.0,2.75,2026,Cardinals,4
HOU,QB,4,19.46,277.75,8.5,0.0,0.0,0.0,2.0,2026,Texans,5
DAL,QB,5,18.72,194.0,37.6,0.0,0.0,0.0,1.8,2026,Cowboys,6
PHI,QB,4,17.96,227.75,13.5,0.0,0.0,0.0,1.75,2026,Eagles,7
DEN,QB,4,17.085,245.25,17.75,0.0,0.0,0.0,1.75,2026,Broncos,8
LAC,QB,4,16.62,225.5,10.75,0.25,0.25,0.25,2.0,2026,Chargers,9
NO,QB,4,16.545,228.0,9.25,0.0,0.0,0.0,1.75,2026,Saints,10
BAL,QB,4,16.485,229.0,18.25,0.0,0.0,0.0,1.25,2026,Ravens,11
IND,QB,5,16.4,221.0,23.6,0.0,0.0,0.0,1.4,2026,Colts,12
LV,QB,4,16.345,223.0,19.25,0.0,0.0,0.0,2.0,2026,Raiders,13
CIN,QB,4,16.105,272.0,17.25,0.0,0.0,0.0,1.25,2026,Bengals,14
NYG,QB,4,15.315,212.25,8.25,0.0,0.0,0.0,2.25,2026,Giants,15
CLE,QB,5,14.716,203.4,5.8,0.0,0.0,0.0,1.8,2026,Browns,16
TB,QB,4,14.344999999999999,214.25,12.75,0.0,0.0,0.0,1.5,2026,Buccaneers,17
ATL,QB,5,14.128,221.2,0.8,0.0,0.0,0.0,1.4,2026,Falcons,18
MIA,QB,5,13.9,188.0,7.8,0.0,0.0,0.0,1.6,2026,Dolphins,19
NYJ,QB,4,13.42,205.5,7.0,0.0,0.0,0.0,1.25,2026,Jets,20
CAR,QB,6,12.9,161.66666666666666,24.333333333333332,0.0,0.0,0.0,1.1666666666666667,2026,Panthers,21
LA,QB,5,12.42,123.0,11.0,0.0,0.0,0.0,1.6,2026,Rams,22
KC,QB,4,12.360000000000001,229.0,17.0,0.0,0.0,0.0,1.0,2026,Chiefs,23
PIT,QB,4,12.309999999999999,225.25,13.0,0.0,0.0,0.0,1.25,2026,Steelers,24
GB,QB,5,11.975999999999999,160.4,15.6,0.0,0.0,0.0,1.2,2026,Packers,25
SEA,QB,4,11.575000000000001,161.25,26.25,0.0,0.0,0.25,1.5,2026,Seahawks,26
SF,QB,5,11.432,171.8,5.6,0.0,0.0,0.0,1.0,2026,49ers,27
JAX,QB,5,11.4,230.0,14.0,0.0,0.0,0.0,0.8,2026,Jaguars,28
TEN,QB,5,10.916,176.4,14.6,0.0,0.0,0.0,0.8,2026,Titans,29
CHI,QB,6,9.923333333333334,129.33333333333334,10.833333333333334,0.0,0.0,0.0,1.0,2026,Bears,30
NE,QB,6,9.313333333333333,137.0,8.333333333333334,0.0,0.0,0.0,1.0,2026,Patriots,31
MIN,QB,6,7.006666666666667,146.83333333333334,11.333333333333334,0.0,0.0,0.0,0.5,2026,Vikings,32
NO,RB,11,12.272727272727273,0.0,50.36363636363637,1.4545454545454546,10.545454545454545,1.5454545454545454,0.8181818181818182,2026,Saints,1
CAR,RB,10,11.2,0.0,48.0,1.9,15.0,2.5,0.5,2026,Panthers,2
GB,RB,11,10.527272727272727,0.0,41.36363636363637,1.0,10.272727272727273,1.0909090909090908,0.7272727272727273,2026,Packers,3
NYJ,RB,11,9.909090909090908,0.0,41.36363636363637,1.6363636363636365,12.272727272727273,2.090909090909091,0.5454545454545454,2026,Jets,4
BUF,RB,11,9.554545454545455,0.0,33.09090909090909,1.6363636363636365,11.545454545454545,2.4545454545454546,0.5454545454545454,2026,Bills,5
LAC,RB,10,9.14,0.0,41.0,1.6,12.4,2.4,0.4,2026,Chargers,6
DEN,RB,12,8.608333333333333,0.0,37.833333333333336,1.5833333333333333,12.416666666666666,2.3333333333333335,0.3333333333333333,2026,Broncos,7
SF,RB,12,8.533333333333333,0.0,30.583333333333332,2.5833333333333335,17.25,3.0,0.16666666666666666,2026,49ers,8
NYG,RB,10,8.5,0.0,40.3,1.5,7.7,1.5,0.4,2026,Giants,9
MIA,RB,13,8.292307692307693,0.0,30.692307692307693,1.3846153846153846,10.692307692307692,1.6923076923076923,0.46153846153846156,2026,Dolphins,10
TEN,RB,10,8.24,0.0,39.9,1.4,10.5,1.8,0.3,2026,Titans,11
PIT,RB,12,8.191666666666668,0.0,32.75,1.75,13.333333333333334,2.3333333333333335,0.3333333333333333,2026,Steelers,12
IND,RB,12,8.066666666666666,0.0,32.583333333333336,1.3333333333333333,14.75,1.9166666666666667,0.3333333333333333,2026,Colts,13
DET,RB,11,7.881818181818181,0.0,35.0,1.5454545454545454,6.545454545454546,2.090909090909091,0.36363636363636365,2026,Lions,14
SEA,RB,11,7.718181818181819,0.0,27.727272727272727,2.090909090909091,12.181818181818182,2.3636363636363638,0.2727272727272727,2026,Seahawks,15
LV,RB,11,7.663636363636363,0.0,40.18181818181818,1.2727272727272727,9.181818181818182,1.4545454545454546,0.2727272727272727,2026,Raiders,16
PHI,RB,12,7.508333333333333,0.0,35.416666666666664,1.5833333333333333,8.833333333333334,2.0,0.25,2026,Eagles,17
DAL,RB,12,7.291666666666667,0.0,32.416666666666664,1.0,7.166666666666667,1.1666666666666667,0.4166666666666667,2026,Cowboys,18
KC,RB,11,7.127272727272728,0.0,25.454545454545453,1.6363636363636365,13.090909090909092,2.0,0.2727272727272727,2026,Chiefs,19
BAL,RB,11,6.945454545454546,0.0,28.818181818181817,1.5454545454545454,3.3636363636363638,2.0,0.36363636363636365,2026,Ravens,20
HOU,RB,10,6.92,0.0,30.5,1.5,5.7,2.0,0.3,2026,Texans,21
JAX,RB,11,6.372727272727272,0.0,17.272727272727273,2.3636363636363638,17.363636363636363,2.5454545454545454,0.09090909090909091,2026,Jaguars,22
MIN,RB,9,6.311111111111111,0.0,34.111111111111114,1.4444444444444444,10.11111111111111,2.2222222222222223,0.1111111111111111,2026,Vikings,23
CLE,RB,11,6.0636363636363635,0.0,37.27272727272727,1.5454545454545454,7.909090909090909,1.9090909090909092,0.0,2026,Browns,24
CIN,RB,13,5.938461538461539,0.0,24.076923076923077,1.5384615384615385,12.23076923076923,1.6923076923076923,0.15384615384615385,2026,Bengals,25
CHI,RB,12,5.641666666666667,0.0,28.75,0.9166666666666666,10.166666666666666,1.1666666666666667,0.16666666666666666,2026,Bears,26
ATL,RB,12,5.616666666666667,0.0,16.166666666666668,1.9166666666666667,9.166666666666666,2.75,0.25,2026,Falcons,27
NE,RB,15,5.58,0.0,23.866666666666667,1.1333333333333333,8.6,1.4,0.2,2026,Patriots,28
ARI,RB,11,5.527272727272727,0.0,35.27272727272727,0.7272727272727273,5.454545454545454,1.1818181818181819,0.18181818181818182,2026,Cardinals,29
TB,RB,13,5.392307692307693,0.0,19.23076923076923,1.9230769230769231,12.384615384615385,2.1538461538461537,0.07692307692307693,2026,Buccaneers,30
WAS,RB,12,5.358333333333333,0.0,24.5,1.1666666666666667,9.083333333333334,1.8333333333333333,0.16666666666666666,2026,Commanders,31
LA,RB,12,5.166666666666667,0.0,27.25,1.5833333333333333,8.583333333333334,2.25,0.0,2026,Rams,32
WAS,TE,7,10.471428571428572,0.0,0.0,2.7142857142857144,34.714285714285715,3.5714285714285716,0.7142857142857143,2026,Commanders,1
KC,TE,10,9.02,0.0,0.3,3.3,32.9,4.6,0.4,2026,Chiefs,2
DET,TE,13,8.746153846153847,0.0,0.0,2.8461538461538463,31.307692307692307,3.8461538461538463,0.46153846153846156,2026,Lions,3
MIA,TE,9,8.255555555555555,0.0,0.0,3.2222222222222223,37.0,3.4444444444444446,0.2222222222222222,2026,Dolphins,4
NO,TE,9,7.955555555555555,0.0,0.0,3.2222222222222223,34.0,4.222222222222222,0.2222222222222222,2026,Saints,5
CAR,TE,9,7.366666666666666,0.0,0.0,2.3333333333333335,23.666666666666668,4.111111111111111,0.4444444444444444,2026,Panthers,6
CIN,TE,10,7.2,0.0,0.1,3.1,40.9,4.0,0.0,2026,Bengals,7
TB,TE,10,7.159999999999999,0.0,0.3,2.6,27.3,3.3,0.3,2026,Buccaneers,8
LV,TE,10,7.040000000000001,0.0,0.0,2.4,18.4,3.0,0.5,2026,Raiders,9
CLE,TE,10,6.720000000000001,0.0,0.0,2.5,24.2,3.6,0.3,2026,Browns,10
ARI,TE,12,6.208333333333333,0.0,0.08333333333333333,2.0,22.0,2.5833333333333335,0.3333333333333333,2026,Cardinals,11
IND,TE,9,6.1000000000000005,0.0,0.0,2.4444444444444446,23.22222222222222,3.5555555555555554,0.2222222222222222,2026,Colts,12
ATL,TE,11,5.7727272727272725,0.0,0.0,2.1818181818181817,19.545454545454547,3.0,0.2727272727272727,2026,Falcons,13
DAL,TE,11,5.554545454545455,0.0,0.0,2.0,19.181818181818183,2.1818181818181817,0.2727272727272727,2026,Cowboys,14
HOU,TE,8,5.449999999999999,0.0,0.25,2.625,28.0,3.25,0.0,2026,Texans,15
NYG,TE,11,5.4363636363636365,0.0,0.0,2.5454545454545454,18.0,3.4545454545454546,0.18181818181818182,2026,Giants,16
DEN,TE,12,5.158333333333333,0.0,0.0,1.9166666666666667,22.416666666666668,2.75,0.16666666666666666,2026,Broncos,17
NYJ,TE,8,4.8625,0.0,0.0,2.625,22.375,3.375,0.0,2026,Jets,18
GB,TE,9,4.699999999999999,0.0,0.0,1.8888888888888888,14.777777777777779,2.6666666666666665,0.2222222222222222,2026,Packers,19
LAC,TE,9,4.377777777777777,0.0,0.0,1.8888888888888888,20.444444444444443,2.888888888888889,0.1111111111111111,2026,Chargers,20
SEA,TE,10,4.28,0.0,0.2,1.9,11.6,2.6,0.2,2026,Seahawks,21
JAX,TE,9,4.188888888888889,0.0,0.6666666666666666,1.3333333333333333,14.555555555555555,1.7777777777777777,0.2222222222222222,2026,Jaguars,22
BAL,TE,10,4.15,0.0,0.0,1.5,14.5,2.0,0.2,2026,Ravens,23
TEN,TE,10,4.12,0.0,0.3,1.8,10.9,2.5,0.2,2026,Titans,24
BUF,TE,11,4.090909090909091,0.0,0.0,1.8181818181818181,17.272727272727273,2.6363636363636362,0.09090909090909091,2026,Bills,25
PIT,TE,10,3.97,0.0,0.0,1.3,14.7,1.9,0.2,2026,Steelers,26
SF,TE,11,3.1636363636363636,0.0,0.0,1.9090909090909092,14.363636363636363,2.8181818181818183,0.0,2026,49ers,27
PHI,TE,10,3.1599999999999997,0.0,0.0,1.6,15.6,2.3,0.0,2026,Eagles,28
MIN,TE,10,3.0799999999999996,0.0,0.0,1.1,19.8,2.5,0.0,2026,Vikings,29
LA,TE,9,2.9444444444444446,0.0,0.0,1.3333333333333333,9.444444444444445,3.2222222222222223,0.1111111111111111,2026,Rams,30
NE,TE,9,2.6222222222222222,0.0,0.2222222222222222,1.4444444444444444,11.555555555555555,2.111111111111111,0.0,2026,Patriots,31
CHI,TE,11,2.4454545454545453,0.0,0.0,1.1818181818181819,12.636363636363637,2.0,0.0,2026,Bears,32
HOU,WR,19,9.389473684210527,0.0,-0.3157894736842105,3.1578947368421053,43.68421052631579,4.7894736842105265,0.3157894736842105,2026,Texans,1
DET,WR,19,9.26842105263158,0.0,0.10526315789473684,3.210526315789474,43.63157894736842,4.315789473684211,0.2631578947368421,2026,Lions,2
ARI,WR,17,9.029411764705882,0.0,1.0588235294117647,2.176470588235294,39.23529411764706,3.6470588235294117,0.47058823529411764,2026,Cardinals,3
ATL,WR,18,8.533333333333333,0.0,-0.2777777777777778,3.2222222222222223,43.388888888888886,5.611111111111111,0.16666666666666666,2026,Falcons,4
WAS,WR,19,8.487368421052631,0.7368421052631579,0.05263157894736842,3.0526315789473686,35.05263157894737,4.2105263157894735,0.3157894736842105,2026,Commanders,5
JAX,WR,18,8.21888888888889,0.8888888888888888,1.7222222222222223,3.111111111111111,46.77777777777778,4.944444444444445,0.05555555555555555,2026,Jaguars,6
BUF,WR,20,8.205,0.0,0.35,2.65,37.2,4.2,0.3,2026,Bills,7
BAL,WR,19,7.968421052631579,0.0,0.5263157894736842,3.1052631578947367,38.63157894736842,4.578947368421052,0.15789473684210525,2026,Ravens,8
NE,WR,18,7.75,0.0,0.3333333333333333,2.888888888888889,32.72222222222222,4.333333333333333,0.2777777777777778,2026,Patriots,9
DAL,WR,19,7.668421052631579,0.0,1.263157894736842,2.526315789473684,35.421052631578945,3.736842105263158,0.2631578947368421,2026,Cowboys,10
CLE,WR,20,7.455,0.0,0.55,2.2,34.0,3.85,0.3,2026,Browns,11
PHI,WR,20,7.390000000000001,0.0,0.45,2.6,32.45,4.15,0.25,2026,Eagles,12
GB,WR,18,7.277777777777778,0.0,1.3333333333333333,2.8333333333333335,30.88888888888889,4.0,0.16666666666666666,2026,Packers,13
LAC,WR,19,7.031578947368421,0.0,1.736842105263158,2.1578947368421053,31.210526315789473,3.210526315789474,0.2631578947368421,2026,Chargers,14
IND,WR,20,6.99,0.0,0.6,2.2,35.3,3.6,0.2,2026,Colts,15
NYG,WR,19,6.968421052631579,0.0,0.0,2.3684210526315788,30.210526315789473,4.052631578947368,0.2631578947368421,2026,Giants,16
LA,WR,18,6.727777777777778,0.0,1.4444444444444444,2.0,23.61111111111111,3.611111111111111,0.3333333333333333,2026,Rams,17
DEN,WR,17,6.652941176470588,0.0,2.7058823529411766,2.176470588235294,31.470588235294116,4.0,0.17647058823529413,2026,Broncos,18
TEN,WR,21,6.495238095238095,0.0,0.7619047619047619,2.380952380952381,31.80952380952381,3.0476190476190474,0.14285714285714285,2026,Titans,19
CHI,WR,16,6.34375,0.0,0.0,2.125,32.1875,3.5625,0.1875,2026,Bears,20
NO,WR,19,6.2105263157894735,0.0,0.0,2.0526315789473686,25.789473684210527,3.3157894736842106,0.2631578947368421,2026,Saints,21
CIN,WR,19,6.131578947368421,0.0,0.7894736842105263,2.0526315789473686,27.36842105263158,3.6315789473684212,0.21052631578947367,2026,Bengals,22
NYJ,WR,19,6.1000000000000005,0.0,0.5789473684210527,2.4210526315789473,26.736842105263158,3.6315789473684212,0.15789473684210525,2026,Jets,23
CAR,WR,19,6.036842105263158,0.0,0.0,2.526315789473684,31.94736842105263,3.9473684210526314,0.05263157894736842,2026,Panthers,24
MIN,WR,20,6.025,0.0,0.15,2.15,29.6,3.85,0.15,2026,Vikings,25
LV,WR,18,5.966666666666667,0.0,0.3888888888888889,2.0,33.72222222222222,4.111111111111111,0.1111111111111111,2026,Raiders,26
PIT,WR,20,5.8,0.0,0.3,2.2,29.7,3.15,0.1,2026,Steelers,27
SF,WR,19,5.778947368421052,0.0,0.21052631578947367,2.210526315789474,26.0,3.736842105263158,0.15789473684210525,2026,49ers,28
TB,WR,19,5.38421052631579,0.0,0.5263157894736842,1.8421052631578947,22.263157894736842,3.0526315789473686,0.15789473684210525,2026,Buccaneers,29
KC,WR,19,4.515789473684211,0.0,1.263157894736842,2.0,22.842105263157894,3.736842105263158,0.0,2026,Chiefs,30
MIA,WR,21,4.228571428571429,0.0,-0.14285714285714285,1.8571428571428572,21.0,2.4285714285714284,0.047619047619047616,2026,Dolphins,31
SEA,WR,22,3.959090909090909,0.0,-0.18181818181818182,1.6363636363636365,17.954545454545453,2.9545454545454546,0.09090909090909091,2026,Seahawks,32
