season,week,player,team,position,team_dropbacks,routes,route_pct,targets
2026,1,Devin Duvernay,ARI,WR,39,0.0,0.0,0
2026,1,Elijah Higgins,ARI,TE,39,10.5,0.27,0
2026,1,Hunter Long,ARI,TE,39,13.6,0.35,0
2026,1,Jacoby Brissett,ARI,QB,39,39.0,1.0,0
2026,1,Jalen Brooks,ARI,WR,39,2.0,0.05,0
2026,1,Jeremiyah Love,ARI,RB,39,16.8,0.43,0
2026,1,Kendrick Bourne,ARI,WR,39,26.1,0.67,0
2026,1,Marvin Harrison Jr.,ARI,WR,39,30.8,0.79,0
2026,1,Michael Wilson,ARI,WR,39,33.1,0.85,0
2026,1,Simi Fehoko,ARI,WR,39,3.1,0.08,0
2026,1,Trey McBride,ARI,TE,39,31.2,0.8,0
2026,1,Tyler Allgeier,ARI,RB,39,23.0,0.59,0
2026,1,Zonovan Knight,ARI,RB,39,1.6,0.04,0
2026,1,Austin Hooper,ATL,TE,26,6.0,0.23,0
2026,1,Bijan Robinson,ATL,RB,26,20.0,0.77,0
2026,1,Brian Robinson Jr.,ATL,RB,26,6.5,0.25,0
2026,1,Charlie Woerner,ATL,TE,26,16.1,0.62,0
2026,1,Chris Blair,ATL,WR,26,4.4,0.17,0
2026,1,Cooper Rush,ATL,QB,26,26.0,1.0,0
2026,1,Drake London,ATL,WR,26,25.5,0.98,0
2026,1,Jahan Dotson,ATL,WR,26,16.4,0.63,0
2026,1,Kyle Pitts,ATL,TE,26,16.4,0.63,0
2026,1,Nick Muse,ATL,TE,26,2.1,0.08,0
2026,1,Olamide Zaccheaus,ATL,WR,26,7.8,0.3,0
2026,1,Zachariah Branch,ATL,WR,26,7.8,0.3,0
2026,1,Chris Moore,BAL,WR,30,11.1,0.37,0
2026,1,Derrick Henry,BAL,RB,30,16.2,0.54,0
2026,1,Durham Smythe,BAL,TE,30,18.6,0.62,0
2026,1,Ja'Kobi Lane,BAL,WR,30,12.0,0.4,0
2026,1,Josh Cuevas,BAL,TE,30,2.7,0.09,0
2026,1,Justice Hill,BAL,RB,30,13.8,0.46,0
2026,1,LaJohntay Wester,BAL,WR,30,8.7,0.29,0
2026,1,Lamar Jackson,BAL,QB,30,30.0,1.0,0
2026,1,Mark Andrews,BAL,TE,30,21.6,0.72,0
2026,1,Matthew Hibner,BAL,TE,30,10.2,0.34,0
2026,1,Rasheen Ali,BAL,RB,30,0.0,0.0,0
2026,1,Rashod Bateman,BAL,WR,30,23.4,0.78,0
2026,1,Zay Flowers,BAL,WR,30,8.7,0.29,0
2026,1,D.J. Moore,BUF,WR,33,25.1,0.76,0
2026,1,Dalton Kincaid,BUF,TE,33,23.8,0.72,0
2026,1,Dawson Knox,BUF,TE,33,22.1,0.67,0
2026,1,Frank Gore Jr.,BUF,RB,33,6.3,0.19,0
2026,1,Greg Dortch,BUF,WR,33,0.0,0.0,0
2026,1,Jackson Hawes,BUF,TE,33,14.2,0.43,0
2026,1,James Cook,BUF,RB,33,23.8,0.72,0
2026,1,Josh Allen,BUF,QB,33,33.0,1.0,0
2026,1,Josh Palmer,BUF,WR,33,10.2,0.31,0
2026,1,Keleki Latu,BUF,TE,33,2.3,0.07,0
2026,1,Keon Coleman,BUF,WR,33,16.5,0.5,0
2026,1,Khalil Shakir,BUF,WR,33,17.5,0.53,0
2026,1,Ray Davis,BUF,RB,33,3.0,0.09,0
2026,1,AJ Dillon,CAR,RB,43,4.3,0.1,0
2026,1,Bryce Young,CAR,QB,43,38.7,0.9,0
2026,1,Brycen Tremayne,CAR,WR,43,7.7,0.18,0
2026,1,Chuba Hubbard,CAR,RB,43,30.5,0.71,0
2026,1,Darren Waller,CAR,TE,43,15.0,0.35,0
2026,1,Feleipe Franks,CAR,TE,43,3.0,0.07,0
2026,1,Jalen Coker,CAR,WR,43,36.1,0.84,0
2026,1,Jimmy Horn,CAR,WR,43,9.0,0.21,0
2026,1,Jonathon Brooks,CAR,RB,43,8.2,0.19,0
2026,1,Kenny Pickett,CAR,QB,43,4.3,0.1,0
2026,1,Mitchell Evans,CAR,TE,43,17.2,0.4,0
2026,1,Tetairoa McMillan,CAR,WR,43,35.3,0.82,0
2026,1,Tommy Tremble,CAR,TE,43,24.1,0.56,0
2026,1,Xavier Legette,CAR,WR,43,22.8,0.53,0
2026,1,Caleb Williams,CHI,QB,38,38.0,1.0,0
2026,1,Cole Kmet,CHI,TE,38,21.7,0.57,0
2026,1,Colston Loveland,CHI,TE,38,33.1,0.87,0
2026,1,D'Andre Swift,CHI,RB,38,21.7,0.57,0
2026,1,Jahdae Walker,CHI,WR,38,17.1,0.45,0
2026,1,Kaden Davis,CHI,WR,38,4.9,0.13,0
2026,1,Kalif Raymond,CHI,WR,38,22.8,0.6,0
2026,1,Kyle Monangai,CHI,RB,38,16.3,0.43,0
2026,1,Luther Burden,CHI,WR,38,27.7,0.73,0
2026,1,Rome Odunze,CHI,WR,38,18.2,0.48,0
2026,1,Roschon Johnson,CHI,RB,38,0.0,0.0,0
2026,1,Sam Roush,CHI,TE,38,6.1,0.16,0
2026,1,Zavion Thomas,CHI,WR,38,0.0,0.0,0
2026,1,Andrei Iosivas,CIN,WR,37,22.6,0.61,0
2026,1,Chase Brown,CIN,HB,37,26.6,0.72,0
2026,1,Colbie Young,CIN,WR,37,5.2,0.14,0
2026,1,Dohnte Meyers,CIN,WR,37,5.9,0.16,0
2026,1,Drew Sample,CIN,TE,37,24.4,0.66,0
2026,1,Erick All,CIN,TE,37,11.5,0.31,0
2026,1,Ja'Marr Chase,CIN,WR,37,34.8,0.94,0
2026,1,Joe Burrow,CIN,QB,37,37.0,1.0,0
2026,1,Joe Flacco,CIN,QB,37,0.0,0.0,0
2026,1,Mike Gesicki,CIN,TE,37,12.2,0.33,0
2026,1,Samaje Perine,CIN,HB,37,10.4,0.28,0
2026,1,Tahj Brooks,CIN,HB,37,1.1,0.03,0
2026,1,Tanner Hudson,CIN,TE,37,3.3,0.09,0
2026,1,Tee Higgins,CIN,WR,37,26.6,0.72,0
2026,1,Blake Whiteheart,CLE,TE,30,11.7,0.39,0
2026,1,Carsen Ryan,CLE,TE,30,0.0,0.0,0
2026,1,Denzel Boston,CLE,WR,30,27.6,0.92,0
2026,1,Deshaun Watson,CLE,QB,30,30.0,1.0,0
2026,1,Dylan Sampson,CLE,RB,30,0.0,0.0,0
2026,1,Harold Fannin,CLE,TE,30,24.6,0.82,0
2026,1,Isaiah Bond,CLE,WR,30,4.2,0.14,0
2026,1,Jerry Jeudy,CLE,WR,30,18.9,0.63,0
2026,1,KC Concepcion,CLE,WR,30,20.7,0.69,0
2026,1,Malachi Corley,CLE,WR,30,0.0,0.0,0
2026,1,Michael Burton,CLE,FB,30,3.6,0.12,0
2026,1,Quinshon Judkins,CLE,RB,30,19.5,0.65,0
2026,1,Raheim Sanders,CLE,RB,30,10.5,0.35,0
2026,1,Tylan Wallace,CLE,WR,30,8.7,0.29,0
2026,1,Brevyn Spann-Ford,DAL,TE,36,7.9,0.22,0
2026,1,CeeDee Lamb,DAL,WR,36,29.2,0.81,0
2026,1,Dak Prescott,DAL,QB,36,36.0,1.0,0
2026,1,Emari Demercado,DAL,RB,36,3.2,0.09,0
2026,1,George Pickens,DAL,WR,36,30.2,0.84,0
2026,1,Hunter Luepke,DAL,FB,36,9.4,0.26,0
2026,1,Jake Ferguson,DAL,TE,36,27.4,0.76,0
2026,1,Javonte Williams,DAL,RB,36,25.6,0.71,0
2026,1,Jonathan Mingo,DAL,WR,36,6.8,0.19,0
2026,1,KaVontae Turpin,DAL,WR,36,5.0,0.14,0
2026,1,Luke Schoonmaker,DAL,TE,36,7.9,0.22,0
2026,1,Ryan Flournoy,DAL,WR,36,25.6,0.71,0
2026,1,Adam Prentice,DEN,FB,33,4.0,0.12,0
2026,1,Adam Trautman,DEN,TE,33,12.2,0.37,0
2026,1,Bo Nix,DEN,QB,33,33.0,1.0,0
2026,1,Courtland Sutton,DEN,WR,33,25.1,0.76,0
2026,1,Evan Engram,DEN,TE,33,20.8,0.63,0
2026,1,J.K. Dobbins,DEN,RB,33,14.2,0.43,0
2026,1,Jaylen Waddle,DEN,WR,33,24.8,0.75,0
2026,1,Jonah Coleman,DEN,RB,33,2.0,0.06,0
2026,1,Marvin Mims,DEN,WR,33,5.9,0.18,0
2026,1,Nate Adkins,DEN,TE,33,8.2,0.25,0
2026,1,Pat Bryant,DEN,WR,33,19.5,0.59,0
2026,1,RJ Harvey,DEN,RB,33,16.8,0.51,0
2026,1,Troy Franklin,DEN,WR,33,10.9,0.33,0
2026,1,Amon-Ra St. Brown,DET,WR,41,36.9,0.9,0
2026,1,Brock Wright,DET,TE,41,20.9,0.51,0
2026,1,Isaac TeSlaa,DET,WR,41,27.9,0.68,0
2026,1,Jackson Meeks,DET,TE,41,0.0,0.0,0
2026,1,Jacob Saylors,DET,RB,41,0.0,0.0,0
2026,1,Jahmyr Gibbs,DET,RB,41,30.3,0.74,0
2026,1,Jameson Williams,DET,WR,41,34.4,0.84,0
2026,1,Jared Goff,DET,QB,41,41.0,1.0,0
2026,1,Sam LaPorta,DET,TE,41,33.2,0.81,0
2026,1,Sione Vaki,DET,RB,41,11.9,0.29,0
2026,1,Tay Martin,DET,WR,41,0.0,0.0,0
2026,1,Tom Kennedy,DET,WR,41,0.0,0.0,0
2026,1,Tyler Conklin,DET,TE,41,5.3,0.13,0
2026,1,Bo Melton,GB,WR,46,5.5,0.12,0
2026,1,Chris Brooks,GB,RB,46,25.8,0.56,0
2026,1,Christian Watson,GB,WR,46,35.0,0.76,0
2026,1,Jayden Reed,GB,WR,46,26.2,0.57,0
2026,1,Jonnu Smith,GB,TE,46,21.6,0.47,0
2026,1,Jordan Love,GB,QB,46,46.0,1.0,0
2026,1,Josh Whyle,GB,TE,46,7.4,0.16,0
2026,1,Kaleb Johnson,GB,RB,46,0.0,0.0,0
2026,1,MarShawn Lloyd,GB,RB,46,20.2,0.44,0
2026,1,Mark Redman,GB,TE,46,14.3,0.31,0
2026,1,Matthew Golden,GB,WR,46,37.7,0.82,0
2026,1,Skyy Moore,GB,WR,46,2.8,0.06,0
2026,1,Tucker Kraft,GB,TE,46,30.4,0.66,0
2026,1,British Brooks,HOU,RB,42,0.0,0.0,0
2026,1,C.J. Stroud,HOU,QB,42,42.0,1.0,0
2026,1,Cade Stover,HOU,TE,42,12.6,0.3,0
2026,1,Dalton Schultz,HOU,TE,42,27.7,0.66,0
2026,1,David Montgomery,HOU,RB,42,20.6,0.49,0
2026,1,Foster Moreau,HOU,TE,42,18.5,0.44,0
2026,1,Jared Wayne,HOU,WR,42,13.4,0.32,0
2026,1,Jaylin Noel,HOU,WR,42,12.6,0.3,0
2026,1,Kayshon Boutte,HOU,WR,42,19.3,0.46,0
2026,1,Marlin Klein,HOU,TE,42,4.6,0.11,0
2026,1,Nico Collins,HOU,WR,42,30.2,0.72,0
2026,1,Woody Marks,HOU,RB,42,21.4,0.51,0
2026,1,Xavier Hutchinson,HOU,WR,42,23.5,0.56,0
2026,1,Alec Pierce,IND,WR,34,20.1,0.59,0
2026,1,Andrew Ogletree,IND,TE,34,3.7,0.11,0
2026,1,Ashton Dulin,IND,WR,34,6.5,0.19,0
2026,1,Daniel Jones,IND,QB,34,34.0,1.0,0
2026,1,Deion Burks,IND,WR,34,0.0,0.0,0
2026,1,Jonathan Taylor,IND,RB,34,30.3,0.89,0
2026,1,Josh Downs,IND,WR,34,30.3,0.89,0
2026,1,Keenan Allen,IND,WR,34,22.8,0.67,0
2026,1,Laquon Treadwell,IND,WR,34,11.9,0.35,0
2026,1,Mo Alie-Cox,IND,TE,34,8.8,0.26,0
2026,1,Seth McGowan,IND,RB,34,3.7,0.11,0
2026,1,Tyler Warren,IND,TE,34,31.6,0.93,0
2026,1,Ameer Abdullah,JAX,RB,24,2.2,0.09,0
2026,1,Bhayshul Tuten,JAX,RB,24,11.8,0.49,0
2026,1,Brenton Strange,JAX,TE,24,16.3,0.68,0
2026,1,Brian Thomas,JAX,WR,24,8.4,0.35,0
2026,1,CJ Williams,JAX,WR,24,4.3,0.18,0
2026,1,Chris Rodriguez,JAX,RB,24,9.6,0.4,0
2026,1,Jakobi Meyers,JAX,WR,24,15.6,0.65,0
2026,1,Josh Cameron,JAX,WR,24,7.9,0.33,0
2026,1,LeQuint Allen,JAX,RB,24,0.5,0.02,0
2026,1,Nate Boerkircher,JAX,TE,24,16.1,0.67,0
2026,1,Nick Mullens,JAX,QB,24,2.9,0.12,0
2026,1,Parker Washington,JAX,WR,24,14.6,0.61,0
2026,1,Quintin Morris,JAX,TE,24,10.1,0.42,0
2026,1,Travis Hunter,JAX,WR,24,1.7,0.07,0
2026,1,Trevor Lawrence,JAX,QB,24,21.1,0.88,0
2026,1,Ben VanSumeren,KC,FB,33,1.3,0.04,0
2026,1,Brashard Smith,KC,RB,33,0.0,0.0,0
2026,1,Cyrus Allen,KC,WR,33,0.3,0.01,0
2026,1,Emmett Johnson,KC,RB,33,11.9,0.36,0
2026,1,Jake Briningstool,KC,TE,33,6.3,0.19,0
2026,1,Jalen Royals,KC,WR,33,0.0,0.0,0
2026,1,Justin Fields,KC,QB,33,0.3,0.01,0
2026,1,Kenneth Walker III,KC,RB,33,22.4,0.68,0
2026,1,Nikko Remigio,KC,WR,33,0.0,0.0,0
2026,1,Noah Gray,KC,TE,33,18.2,0.55,0
2026,1,Patrick Mahomes,KC,QB,33,33.0,1.0,0
2026,1,Rashee Rice,KC,WR,33,27.4,0.83,0
2026,1,Travis Kelce,KC,TE,33,23.4,0.71,0
2026,1,Tyquan Thornton,KC,WR,33,22.4,0.68,0
2026,1,Xavier Worthy,KC,WR,33,25.4,0.77,0
2026,1,Blake Corum,LA,RB,29,6.7,0.23,0
2026,1,Colby Parkinson,LA,TE,29,22.3,0.77,0
2026,1,Davante Adams,LA,WR,29,15.7,0.54,0
2026,1,Davis Allen,LA,TE,29,9.9,0.34,0
2026,1,Jordan Whittington,LA,WR,29,11.9,0.41,0
2026,1,Konata Mumpfield,LA,WR,29,7.5,0.26,0
2026,1,Kyren Williams,LA,RB,29,18.6,0.64,0
2026,1,Matthew Stafford,LA,QB,29,24.4,0.84,0
2026,1,Puka Nacua,LA,WR,29,20.3,0.7,0
2026,1,Ronnie Rivers,LA,RB,29,3.8,0.13,0
2026,1,Stetson Bennett,LA,QB,29,4.6,0.16,0
2026,1,Terrance Ferguson,LA,TE,29,14.8,0.51,0
2026,1,Tyler Higbee,LA,TE,29,5.8,0.2,0
2026,1,Xavier Smith,LA,WR,29,7.5,0.26,0
2026,1,Alec Ingold,LAC,FB,35,13.3,0.38,0
2026,1,Brenen Thompson,LAC,WR,35,6.3,0.18,0
2026,1,Charlie Kolar,LAC,TE,35,19.2,0.55,0
2026,1,David Njoku,LAC,TE,35,19.2,0.55,0
2026,1,Derius Davis,LAC,WR,35,6.3,0.18,0
2026,1,Justin Herbert,LAC,QB,35,35.0,1.0,0
2026,1,KeAndre Lambert-Smith,LAC,WR,35,0.0,0.0,0
2026,1,Keaton Mitchell,LAC,RB,35,10.8,0.31,0
2026,1,Kimani Vidal,LAC,RB,35,2.5,0.07,0
2026,1,Ladd McConkey,LAC,WR,35,17.1,0.49,0
2026,1,Omarion Hampton,LAC,RB,35,20.3,0.58,0
2026,1,Oronde Gadsden II,LAC,TE,35,6.3,0.18,0
2026,1,Quentin Johnston,LAC,WR,35,27.3,0.78,0
2026,1,Tre Harris,LAC,WR,35,26.2,0.75,0
2026,1,Ashton Jeanty,LV,RB,31,22.9,0.74,0
2026,1,Chris Myarick,LV,TE,31,2.2,0.07,0
2026,1,Cody White,LV,WR,31,5.0,0.16,0
2026,1,Connor Heyward,LV,FB,31,14.6,0.47,0
2026,1,Dareke Young,LV,WR,31,4.6,0.15,0
2026,1,Dylan Laube,LV,RB,31,4.6,0.15,0
2026,1,Ian Thomas,LV,TE,31,14.3,0.46,0
2026,1,Jack Bech,LV,WR,31,12.4,0.4,0
2026,1,Jalen Nailor,LV,WR,31,18.6,0.6,0
2026,1,Kirk Cousins,LV,QB,31,31.0,1.0,0
2026,1,Malik Benson,LV,WR,31,3.1,0.1,0
2026,1,Michael Mayer,LV,TE,31,25.1,0.81,0
2026,1,Mike Washington Jr.,LV,RB,31,5.9,0.19,0
2026,1,Tre Tucker,LV,WR,31,22.0,0.71,0
2026,1,Caleb Douglas,MIA,WR,37,33.7,0.91,0
2026,1,Chris Bell,MIA,WR,37,19.2,0.52,0
2026,1,DJ Herman,MIA,FB,37,10.0,0.27,0
2026,1,De'Von Achane,MIA,RB,37,31.8,0.86,0
2026,1,Greg Dulcich,MIA,TE,37,28.5,0.77,0
2026,1,Jaylen Wright,MIA,RB,37,2.6,0.07,0
2026,1,Kevin Coleman,MIA,WR,37,10.7,0.29,0
2026,1,Malik Washington,MIA,WR,37,36.3,0.98,0
2026,1,Malik Willis,MIA,QB,37,37.0,1.0,0
2026,1,Ollie Gordon,MIA,RB,37,2.6,0.07,0
2026,1,Ryan Miller,MIA,WR,37,0.0,0.0,0
2026,1,Seydou Traore,MIA,TE,37,0.0,0.0,0
2026,1,Will Kacmarek,MIA,TE,37,9.2,0.25,0
2026,1,Aaron Jones,MIN,RB,31,14.3,0.46,0
2026,1,Carson Wentz,MIN,QB,31,25.7,0.83,0
2026,1,DeeJay Dallas,MIN,RB,31,2.8,0.09,0
2026,1,Gavin Bartholomew,MIN,TE,31,0.0,0.0,0
2026,1,Jauan Jennings,MIN,WR,31,14.9,0.48,0
2026,1,Jordan Addison,MIN,WR,31,25.7,0.83,0
2026,1,Jordan Mason,MIN,RB,31,14.0,0.45,0
2026,1,Josh Oliver,MIN,TE,31,20.2,0.65,0
2026,1,Justin Jefferson,MIN,WR,31,28.5,0.92,0
2026,1,Kyler Murray,MIN,QB,31,5.3,0.17,0
2026,1,Max Bredeson,MIN,FB,31,11.5,0.37,0
2026,1,Myles Price,MIN,WR,31,1.6,0.05,0
2026,1,T.J. Hockenson,MIN,TE,31,20.5,0.66,0
2026,1,Tai Felton,MIN,WR,31,1.6,0.05,0
2026,1,A.J. Brown,NE,WR,42,18.5,0.44,0
2026,1,Cameron Latu,NE,TE,42,0.0,0.0,0
2026,1,Corey Kiner,NE,RB,42,4.6,0.11,0
2026,1,DeMario Douglas,NE,WR,42,26.0,0.62,0
2026,1,Drake Maye,NE,QB,42,42.0,1.0,0
2026,1,Eli Raridon,NE,TE,42,22.7,0.54,0
2026,1,Hunter Henry,NE,TE,42,31.9,0.76,0
2026,1,Kyle Williams,NE,WR,42,7.1,0.17,0
2026,1,Lan Larison,NE,RB,42,1.7,0.04,0
2026,1,Mack Hollins,NE,WR,42,29.4,0.7,0
2026,1,Reggie Gilliam,NE,FB,42,7.6,0.18,0
2026,1,Rhamondre Stevenson,NE,RB,42,35.7,0.85,0
2026,1,Romeo Doubs,NE,WR,42,23.5,0.56,0
2026,1,Tanner Arkin,NE,TE,42,0.0,0.0,0
2026,1,Barion Brown,NO,WR,64,5.1,0.08,0
2026,1,Bryce Lance,NO,WR,64,44.2,0.69,0
2026,1,CJ Donaldson,NO,RB,64,10.9,0.17,0
2026,1,Chris Olave,NO,WR,64,55.0,0.86,0
2026,1,Devaughn Vele,NO,WR,64,58.2,0.91,0
2026,1,Juwan Johnson,NO,TE,64,53.8,0.84,0
2026,1,Kendre Miller,NO,RB,64,18.6,0.29,0
2026,1,Kevin Austin,NO,WR,64,3.8,0.06,0
2026,1,Noah Fant,NO,TE,64,26.2,0.41,0
2026,1,Travis Etienne,NO,RB,64,37.8,0.59,0
2026,1,Treyton Welch,NO,TE,64,7.0,0.11,0
2026,1,Tyler Shough,NO,QB,64,64.0,1.0,0
2026,1,Braxton Berrios,NYG,WR,33,5.6,0.17,0
2026,1,Cam Skattebo,NYG,RB,33,20.1,0.61,0
2026,1,Chris Manhertz,NYG,TE,33,11.5,0.35,0
2026,1,Darnell Mooney,NYG,WR,33,18.8,0.57,0
2026,1,Devin Singletary,NYG,RB,33,11.9,0.36,0
2026,1,Isaiah Likely,NYG,TE,33,16.2,0.49,0
2026,1,Jaxson Dart,NYG,QB,33,33.0,1.0,0
2026,1,Malachi Fields,NYG,WR,33,23.8,0.72,0
2026,1,Malik Nabers,NYG,WR,33,17.2,0.52,0
2026,1,Odell Beckham Jr.,NYG,WR,33,5.3,0.16,0
2026,1,Patrick Ricard,NYG,FB,33,17.8,0.54,0
2026,1,Theo Johnson,NYG,TE,33,15.2,0.46,0
2026,1,Tyrone Tracy Jr.,NYG,RB,33,1.0,0.03,0
2026,1,Adonai Mitchell,NYJ,WR,26,17.9,0.69,0
2026,1,Andrew Beck,NYJ,FB,26,3.4,0.13,0
2026,1,Arian Smith,NYJ,WR,26,0.8,0.03,0
2026,1,Braelon Allen,NYJ,RB,26,10.4,0.4,0
2026,1,Breece Hall,NYJ,RB,26,15.1,0.58,0
2026,1,Garrett Wilson,NYJ,WR,26,19.5,0.75,0
2026,1,Geno Smith,NYJ,QB,26,26.0,1.0,0
2026,1,Isaiah Davis,NYJ,RB,26,0.0,0.0,0
2026,1,Isaiah Williams,NYJ,WR,26,15.6,0.6,0
2026,1,Jelani Woods,NYJ,TE,26,6.2,0.24,0
2026,1,Jeremy Ruckert,NYJ,TE,26,11.2,0.43,0
2026,1,Kenyon Sadiq,NYJ,TE,26,10.9,0.42,0
2026,1,Mason Taylor,NYJ,TE,26,17.2,0.66,0
2026,1,Omar Cooper,NYJ,WR,26,1.8,0.07,0
2026,1,Britain Covey,PHI,WR,33,0.0,0.0,0
2026,1,Dallas Goedert,PHI,TE,33,31.3,0.95,0
2026,1,Darius Cooper,PHI,WR,33,5.0,0.15,0
2026,1,DeVonta Smith,PHI,WR,33,31.3,0.95,0
2026,1,Dontayvion Wicks,PHI,WR,33,30.0,0.91,0
2026,1,E.J. Jenkins,PHI,TE,33,0.7,0.02,0
2026,1,Jalen Hurts,PHI,QB,33,33.0,1.0,0
2026,1,Johnny Mundt,PHI,TE,33,11.9,0.36,0
2026,1,Makai Lemon,PHI,WR,33,21.1,0.64,0
2026,1,Saquon Barkley,PHI,RB,33,23.4,0.71,0
2026,1,Tank Bigsby,PHI,RB,33,3.6,0.11,0
2026,1,Will Shipley,PHI,RB,33,5.9,0.18,0
2026,1,Aaron Rodgers,PIT,QB,43,43.0,1.0,0
2026,1,Ben Skowronek,PIT,WR,43,0.0,0.0,0
2026,1,D.K. Metcalf,PIT,WR,43,41.3,0.96,0
2026,1,Darnell Washington,PIT,TE,43,27.5,0.64,0
2026,1,Eli Heidenreich,PIT,RB,43,1.7,0.04,0
2026,1,Germie Bernard,PIT,WR,43,1.7,0.04,0
2026,1,Jaylen Warren,PIT,RB,43,15.9,0.37,0
2026,1,Kaden Wetjen,PIT,WR,43,0.0,0.0,0
2026,1,Michael Pittman Jr.,PIT,WR,43,37.8,0.88,0
2026,1,Pat Freiermuth,PIT,TE,43,31.4,0.73,0
2026,1,Rico Dowdle,PIT,RB,43,24.9,0.58,0
2026,1,Riley Nowakowski,PIT,FB,43,5.2,0.12,0
2026,1,Robert Tonyan,PIT,TE,43,1.3,0.03,0
2026,1,Roman Wilson,PIT,WR,43,23.7,0.55,0
2026,1,AJ Barner,SEA,TE,27,23.8,0.88,0
2026,1,Brady Russell,SEA,FB,27,9.2,0.34,0
2026,1,Cooper Kupp,SEA,WR,27,21.1,0.78,0
2026,1,Drew Lock,SEA,QB,27,24.3,0.9,0
2026,1,Elijah Arroyo,SEA,TE,27,5.9,0.22,0
2026,1,Emanuel Wilson,SEA,RB,27,1.6,0.06,0
2026,1,Eric Saubert,SEA,TE,27,5.4,0.2,0
2026,1,George Holani,SEA,RB,27,12.4,0.46,0
2026,1,Jadarian Price,SEA,RB,27,13.0,0.48,0
2026,1,Jaxon Smith-Njigba,SEA,WR,27,24.3,0.9,0
2026,1,Montorie Foster,SEA,WR,27,0.0,0.0,0
2026,1,Rashid Shaheed,SEA,WR,27,17.8,0.66,0
2026,1,Sam Darnold,SEA,QB,27,2.7,0.1,0
2026,1,Velus Jones Jr.,SEA,RB,27,0.0,0.0,0
2026,1,Brock Purdy,SF,QB,36,36.0,1.0,0
2026,1,Christian McCaffrey,SF,RB,36,19.8,0.55,0
2026,1,De'Zhaun Stribling,SF,WR,36,11.5,0.32,0
2026,1,Deebo Samuel,SF,WR,36,15.1,0.42,0
2026,1,Demarcus Robinson,SF,WR,36,22.7,0.63,0
2026,1,George Kittle,SF,TE,36,16.6,0.46,0
2026,1,Jacob Cowing,SF,WR,36,2.9,0.08,0
2026,1,Jake Tonges,SF,TE,36,4.3,0.12,0
2026,1,Kaelon Black,SF,RB,36,15.5,0.43,0
2026,1,KhaDarel Hodge,SF,WR,36,0.7,0.02,0
2026,1,Kyle Juszczyk,SF,FB,36,18.4,0.51,0
2026,1,Luke Farrell,SF,TE,36,25.6,0.71,0
2026,1,Mike Evans,SF,WR,36,27.0,0.75,0
2026,1,Baker Mayfield,TB,QB,36,36.0,1.0,0
2026,1,Bauer Sharp,TB,TE,36,0.7,0.02,0
2026,1,Bucky Irving,TB,RB,36,22.0,0.61,0
2026,1,Cade Otton,TB,TE,36,35.3,0.98,0
2026,1,Chris Godwin,TB,WR,36,31.0,0.86,0
2026,1,Emeka Egbuka,TB,WR,36,31.0,0.86,0
2026,1,Josh Williams,TB,RB,36,0.0,0.0,0
2026,1,Kameron Johnson,TB,WR,36,3.2,0.09,0
2026,1,Kenneth Gainwell,TB,RB,36,16.6,0.46,0
2026,1,Ko Kieft,TB,TE,36,0.7,0.02,0
2026,1,Payne Durham,TB,TE,36,4.3,0.12,0
2026,1,Ted Hurst,TB,WR,36,27.0,0.75,0
2026,1,Tez Johnson,TB,WR,36,8.3,0.23,0
2026,1,Calvin Ridley,TEN,WR,39,25.0,0.64,0
2026,1,Cam Ward,TEN,QB,39,39.0,1.0,0
2026,1,Carnell Tate,TEN,WR,39,34.3,0.88,0
2026,1,Chimere Dike,TEN,WR,39,3.1,0.08,0
2026,1,Daniel Bellinger,TEN,TE,39,10.9,0.28,0
2026,1,David Martin-Robinson,TEN,TE,39,0.0,0.0,0
2026,1,Elic Ayomanor,TEN,WR,39,20.3,0.52,0
2026,1,Gunnar Helm,TEN,TE,39,29.6,0.76,0
2026,1,Julius Chestnut,TEN,RB,39,0.0,0.0,0
2026,1,Kylen Granson,TEN,TE,39,0.0,0.0,0
2026,1,Tony Pollard,TEN,RB,39,20.3,0.52,0
2026,1,Tyjae Spears,TEN,RB,39,19.5,0.5,0
2026,1,Wan'Dale Robinson,TEN,WR,39,32.0,0.82,0
2026,1,Antonio Williams,WAS,WR,39,14.4,0.37,0
2026,1,Ben Sinnott,WAS,TE,39,10.1,0.26,0
2026,1,Chig Okonkwo,WAS,TE,39,21.8,0.56,0
2026,1,Colson Yankoff,WAS,TE,39,1.2,0.03,0
2026,1,Dyami Brown,WAS,WR,39,20.7,0.53,0
2026,1,Jacory Croskey-Merritt,WAS,RB,39,19.1,0.49,0
2026,1,Jayden Daniels,WAS,QB,39,39.0,1.0,0
2026,1,Jaylin Lane,WAS,WR,39,10.1,0.26,0
2026,1,John Bates,WAS,TE,39,19.1,0.49,0
2026,1,Kaytron Allen,WAS,RB,39,3.9,0.1,0
2026,1,Rachaad White,WAS,RB,39,16.0,0.41,0
2026,1,Stefon Diggs,WAS,WR,39,24.6,0.63,0
2026,1,Terry McLaurin,WAS,WR,39,33.9,0.87,0
2026,2,Devin Duvernay,ARI,WR,31,0.0,0.0,0
2026,2,Elijah Higgins,ARI,TE,31,8.1,0.26,0
2026,2,Hunter Long,ARI,TE,31,9.3,0.3,0
2026,2,Jacoby Brissett,ARI,QB,31,31.0,1.0,0
2026,2,Jalen Brooks,ARI,WR,31,1.2,0.04,0
2026,2,Jeremiyah Love,ARI,RB,31,12.4,0.4,0
2026,2,Kendrick Bourne,ARI,WR,31,18.6,0.6,0
2026,2,Marvin Harrison Jr.,ARI,WR,31,22.9,0.74,0
2026,2,Michael Wilson,ARI,WR,31,29.1,0.94,0
2026,2,Simi Fehoko,ARI,WR,31,3.7,0.12,0
2026,2,Trey McBride,ARI,TE,31,27.3,0.88,0
2026,2,Tyler Allgeier,ARI,RB,31,19.8,0.64,0
2026,2,Zonovan Knight,ARI,RB,31,1.9,0.06,0
2026,2,Austin Hooper,ATL,TE,39,16.8,0.43,0
2026,2,Bijan Robinson,ATL,RB,39,19.9,0.51,0
2026,2,Brian Robinson Jr.,ATL,RB,39,18.7,0.48,0
2026,2,Charlie Woerner,ATL,TE,39,19.1,0.49,0
2026,2,Chris Blair,ATL,WR,39,19.1,0.49,0
2026,2,Cooper Rush,ATL,QB,39,22.6,0.58,0
2026,2,Drake London,ATL,WR,39,24.2,0.62,0
2026,2,Jack Strand,ATL,QB,39,16.4,0.42,0
2026,2,Jahan Dotson,ATL,WR,39,29.2,0.75,0
2026,2,Kyle Pitts,ATL,TE,39,14.8,0.38,0
2026,2,Nick Muse,ATL,TE,39,7.8,0.2,0
2026,2,Olamide Zaccheaus,ATL,WR,39,16.8,0.43,0
2026,2,Zachariah Branch,ATL,WR,39,7.8,0.2,0
2026,2,Chris Moore,BAL,WR,38,20.9,0.55,0
2026,2,Derrick Henry,BAL,RB,38,20.1,0.53,0
2026,2,Devontez Walker,BAL,WR,38,11.0,0.29,0
2026,2,Durham Smythe,BAL,TE,38,20.9,0.55,0
2026,2,Josh Cuevas,BAL,TE,38,3.4,0.09,0
2026,2,Justice Hill,BAL,RB,38,17.9,0.47,0
2026,2,LaJohntay Wester,BAL,WR,38,20.1,0.53,0
2026,2,Lamar Jackson,BAL,QB,38,38.0,1.0,0
2026,2,Mark Andrews,BAL,TE,38,27.0,0.71,0
2026,2,Matthew Hibner,BAL,TE,38,12.5,0.33,0
2026,2,Rasheen Ali,BAL,RB,38,0.0,0.0,0
2026,2,Rashod Bateman,BAL,WR,38,35.3,0.93,0
2026,2,D.J. Moore,BUF,WR,38,11.8,0.31,0
2026,2,Dalton Kincaid,BUF,TE,38,25.1,0.66,0
2026,2,Dawson Knox,BUF,TE,38,28.9,0.76,0
2026,2,Frank Gore Jr.,BUF,RB,38,4.6,0.12,0
2026,2,Greg Dortch,BUF,WR,38,1.9,0.05,0
2026,2,Jackson Hawes,BUF,TE,38,19.0,0.5,0
2026,2,James Cook,BUF,RB,38,28.1,0.74,0
2026,2,Josh Allen,BUF,QB,38,38.0,1.0,0
2026,2,Josh Palmer,BUF,WR,38,14.4,0.38,0
2026,2,Keleki Latu,BUF,TE,38,3.0,0.08,0
2026,2,Keon Coleman,BUF,WR,38,28.1,0.74,0
2026,2,Khalil Shakir,BUF,WR,38,18.6,0.49,0
2026,2,Ray Davis,BUF,RB,38,5.3,0.14,0
2026,2,AJ Dillon,CAR,RB,39,2.3,0.06,0
2026,2,Bryce Young,CAR,QB,39,36.7,0.94,0
2026,2,Brycen Tremayne,CAR,WR,39,6.6,0.17,0
2026,2,Chuba Hubbard,CAR,RB,39,25.4,0.65,0
2026,2,Darren Waller,CAR,TE,39,17.2,0.44,0
2026,2,Feleipe Franks,CAR,TE,39,2.3,0.06,0
2026,2,Jalen Coker,CAR,WR,39,29.6,0.76,0
2026,2,John Metchie,CAR,WR,39,4.3,0.11,0
2026,2,Jonathon Brooks,CAR,RB,39,11.7,0.3,0
2026,2,Kenny Pickett,CAR,QB,39,2.3,0.06,0
2026,2,Mitchell Evans,CAR,TE,39,22.6,0.58,0
2026,2,Tetairoa McMillan,CAR,WR,39,31.2,0.8,0
2026,2,Tommy Tremble,CAR,TE,39,21.8,0.56,0
2026,2,Xavier Legette,CAR,WR,39,19.5,0.5,0
2026,2,Caleb Williams,CHI,QB,42,36.1,0.86,0
2026,2,Cole Kmet,CHI,TE,42,29.0,0.69,0
2026,2,Colston Loveland,CHI,TE,42,36.1,0.86,0
2026,2,D'Andre Swift,CHI,RB,42,28.6,0.68,0
2026,2,Jahdae Walker,CHI,WR,42,3.8,0.09,0
2026,2,Kalif Raymond,CHI,WR,42,26.0,0.62,0
2026,2,Kyle Monangai,CHI,RB,42,14.3,0.34,0
2026,2,Luther Burden,CHI,WR,42,23.9,0.57,0
2026,2,Rome Odunze,CHI,WR,42,35.3,0.84,0
2026,2,Roschon Johnson,CHI,RB,42,0.4,0.01,0
2026,2,Sam Roush,CHI,TE,42,11.3,0.27,0
2026,2,Tyson Bagent,CHI,QB,42,5.9,0.14,0
2026,2,Zavion Thomas,CHI,WR,42,1.3,0.03,0
2026,2,Andrei Iosivas,CIN,WR,36,19.1,0.53,0
2026,2,Chase Brown,CIN,HB,36,25.2,0.7,0
2026,2,Colbie Young,CIN,WR,36,6.1,0.17,0
2026,2,Dohnte Meyers,CIN,WR,36,6.5,0.18,0
2026,2,Drew Sample,CIN,TE,36,21.6,0.6,0
2026,2,Erick All,CIN,TE,36,15.1,0.42,0
2026,2,Ja'Marr Chase,CIN,WR,36,31.7,0.88,0
2026,2,Jack Endries,CIN,TE,36,0.7,0.02,0
2026,2,Joe Burrow,CIN,QB,36,36.0,1.0,0
2026,2,Mike Gesicki,CIN,TE,36,12.6,0.35,0
2026,2,Samaje Perine,CIN,HB,36,14.4,0.4,0
2026,2,Tahj Brooks,CIN,HB,36,0.7,0.02,0
2026,2,Tee Higgins,CIN,WR,36,25.9,0.72,0
2026,2,Blake Whiteheart,CLE,TE,35,16.4,0.47,0
2026,2,Carsen Ryan,CLE,TE,35,0.7,0.02,0
2026,2,Denzel Boston,CLE,WR,35,32.6,0.93,0
2026,2,Deshaun Watson,CLE,QB,35,35.0,1.0,0
2026,2,Harold Fannin,CLE,TE,35,30.1,0.86,0
2026,2,Isaiah Bond,CLE,WR,35,2.5,0.07,0
2026,2,Jaleel McLaughlin,CLE,RB,35,4.9,0.14,0
2026,2,Jerry Jeudy,CLE,WR,35,20.6,0.59,0
2026,2,KC Concepcion,CLE,WR,35,23.1,0.66,0
2026,2,Malachi Corley,CLE,WR,35,0.0,0.0,0
2026,2,Michael Burton,CLE,FB,35,6.0,0.17,0
2026,2,Quinshon Judkins,CLE,RB,35,23.5,0.67,0
2026,2,Raheim Sanders,CLE,RB,35,6.7,0.19,0
2026,2,Tylan Wallace,CLE,WR,35,8.4,0.24,0
2026,2,Brevyn Spann-Ford,DAL,TE,36,13.7,0.38,0
2026,2,CeeDee Lamb,DAL,WR,36,27.0,0.75,0
2026,2,Dak Prescott,DAL,QB,36,36.0,1.0,0
2026,2,Emari Demercado,DAL,RB,36,5.8,0.16,0
2026,2,George Pickens,DAL,WR,36,27.4,0.76,0
2026,2,Hunter Luepke,DAL,FB,36,6.5,0.18,0
2026,2,Jake Ferguson,DAL,TE,36,21.6,0.6,0
2026,2,Javonte Williams,DAL,RB,36,28.8,0.8,0
2026,2,Jonathan Mingo,DAL,WR,36,7.2,0.2,0
2026,2,KaVontae Turpin,DAL,WR,36,3.2,0.09,0
2026,2,Luke Schoonmaker,DAL,TE,36,10.4,0.29,0
2026,2,Ryan Flournoy,DAL,WR,36,27.4,0.76,0
2026,2,Adam Prentice,DEN,FB,31,4.0,0.13,0
2026,2,Adam Trautman,DEN,TE,31,20.2,0.65,0
2026,2,Bo Nix,DEN,QB,31,31.0,1.0,0
2026,2,Courtland Sutton,DEN,WR,31,22.6,0.73,0
2026,2,Evan Engram,DEN,TE,31,16.1,0.52,0
2026,2,J.K. Dobbins,DEN,RB,31,10.5,0.34,0
2026,2,Jaylen Waddle,DEN,WR,31,18.9,0.61,0
2026,2,Jonah Coleman,DEN,RB,31,12.4,0.4,0
2026,2,Lil'Jordan Humphrey,DEN,WR,31,1.6,0.05,0
2026,2,Nate Adkins,DEN,TE,31,11.5,0.37,0
2026,2,Pat Bryant,DEN,WR,31,20.5,0.66,0
2026,2,Troy Franklin,DEN,WR,31,6.5,0.21,0
2026,2,Tyler Badie,DEN,RB,31,8.1,0.26,0
2026,2,Amon-Ra St. Brown,DET,WR,44,41.8,0.95,0
2026,2,Brock Wright,DET,TE,44,11.4,0.26,0
2026,2,Isaac TeSlaa,DET,WR,44,33.0,0.75,0
2026,2,Jackson Meeks,DET,TE,44,0.9,0.02,0
2026,2,Jacob Saylors,DET,RB,44,0.0,0.0,0
2026,2,Jahmyr Gibbs,DET,RB,44,36.5,0.83,0
2026,2,Jameson Williams,DET,WR,44,42.7,0.97,0
2026,2,Jared Goff,DET,QB,44,44.0,1.0,0
2026,2,Sam LaPorta,DET,TE,44,43.1,0.98,0
2026,2,Sione Vaki,DET,RB,44,7.5,0.17,0
2026,2,Tay Martin,DET,WR,44,0.0,0.0,0
2026,2,Tom Kennedy,DET,WR,44,0.0,0.0,0
2026,2,Tyler Conklin,DET,TE,44,2.6,0.06,0
2026,2,Bo Melton,GB,WR,32,4.8,0.15,0
2026,2,Chris Brooks,GB,RB,32,14.7,0.46,0
2026,2,Christian Watson,GB,WR,32,28.8,0.9,0
2026,2,J. Michael Sturdivant,GB,WR,32,4.8,0.15,0
2026,2,Jayden Reed,GB,WR,32,1.0,0.03,0
2026,2,Jonnu Smith,GB,TE,32,7.0,0.22,0
2026,2,Jordan Love,GB,QB,32,32.0,1.0,0
2026,2,Josh Whyle,GB,TE,32,0.0,0.0,0
2026,2,Kaleb Johnson,GB,RB,32,8.6,0.27,0
2026,2,MarShawn Lloyd,GB,RB,32,8.6,0.27,0
2026,2,Mark Redman,GB,TE,32,10.9,0.34,0
2026,2,Matthew Golden,GB,WR,32,27.5,0.86,0
2026,2,Skyy Moore,GB,WR,32,11.5,0.36,0
2026,2,Tucker Kraft,GB,TE,32,31.4,0.98,0
2026,2,British Brooks,HOU,RB,63,0.0,0.0,0
2026,2,C.J. Stroud,HOU,QB,63,63.0,1.0,0
2026,2,Cade Stover,HOU,TE,63,6.3,0.1,0
2026,2,Dalton Schultz,HOU,TE,63,42.8,0.68,0
2026,2,David Montgomery,HOU,RB,63,32.8,0.52,0
2026,2,Foster Moreau,HOU,TE,63,18.3,0.29,0
2026,2,Jared Wayne,HOU,WR,63,31.5,0.5,0
2026,2,Jaylin Noel,HOU,WR,63,37.8,0.6,0
2026,2,Kayshon Boutte,HOU,WR,63,45.4,0.72,0
2026,2,Lewis Bond,HOU,WR,63,10.1,0.16,0
2026,2,Marlin Klein,HOU,TE,63,6.9,0.11,0
2026,2,Woody Marks,HOU,RB,63,30.2,0.48,0
2026,2,Xavier Hutchinson,HOU,WR,63,51.0,0.81,0
2026,2,Alec Pierce,IND,WR,33,8.6,0.26,0
2026,2,Andrew Ogletree,IND,TE,33,9.6,0.29,0
2026,2,Anthony Gould,IND,WR,33,0.0,0.0,0
2026,2,Daniel Jones,IND,QB,33,33.0,1.0,0
2026,2,Deion Burks,IND,WR,33,1.7,0.05,0
2026,2,Jonathan Taylor,IND,RB,33,31.0,0.94,0
2026,2,Josh Downs,IND,WR,33,27.4,0.83,0
2026,2,Keenan Allen,IND,WR,33,16.8,0.51,0
2026,2,Laquon Treadwell,IND,WR,33,24.4,0.74,0
2026,2,Mo Alie-Cox,IND,TE,33,12.5,0.38,0
2026,2,Seth McGowan,IND,RB,33,2.0,0.06,0
2026,2,Tyler Warren,IND,TE,33,29.4,0.89,0
2026,2,Ameer Abdullah,JAX,RB,31,3.1,0.1,0
2026,2,Bhayshul Tuten,JAX,RB,31,15.8,0.51,0
2026,2,Brenton Strange,JAX,TE,31,25.7,0.83,0
2026,2,Brian Thomas,JAX,WR,31,16.7,0.54,0
2026,2,Chris Rodriguez,JAX,RB,31,6.8,0.22,0
2026,2,Jakobi Meyers,JAX,WR,31,27.9,0.9,0
2026,2,Josh Cameron,JAX,WR,31,5.3,0.17,0
2026,2,LeQuint Allen,JAX,RB,31,4.6,0.15,0
2026,2,Nate Boerkircher,JAX,TE,31,12.1,0.39,0
2026,2,Parker Washington,JAX,WR,31,25.1,0.81,0
2026,2,Quintin Morris,JAX,TE,31,6.8,0.22,0
2026,2,Travis Hunter,JAX,WR,31,3.1,0.1,0
2026,2,Trevor Lawrence,JAX,QB,31,31.0,1.0,0
2026,2,Ben VanSumeren,KC,FB,51,0.0,0.0,0
2026,2,Brashard Smith,KC,RB,51,0.0,0.0,0
2026,2,Cyrus Allen,KC,WR,51,2.0,0.04,0
2026,2,Emmett Johnson,KC,RB,51,9.2,0.18,0
2026,2,Jake Briningstool,KC,TE,51,6.1,0.12,0
2026,2,Jalen Royals,KC,WR,51,7.6,0.15,0
2026,2,Kenneth Walker III,KC,RB,51,41.8,0.82,0
2026,2,Nikko Remigio,KC,WR,51,0.0,0.0,0
2026,2,Noah Gray,KC,TE,51,25.5,0.5,0
2026,2,Patrick Mahomes,KC,QB,51,51.0,1.0,0
2026,2,Rashee Rice,KC,WR,51,40.3,0.79,0
2026,2,Travis Kelce,KC,TE,51,43.4,0.85,0
2026,2,Tyquan Thornton,KC,WR,51,30.1,0.59,0
2026,2,Xavier Worthy,KC,WR,51,43.9,0.86,0
2026,2,Blake Corum,LA,RB,33,14.8,0.45,0
2026,2,Colby Parkinson,LA,TE,33,23.4,0.71,0
2026,2,Davante Adams,LA,WR,33,21.4,0.65,0
2026,2,Davis Allen,LA,TE,33,17.2,0.52,0
2026,2,Konata Mumpfield,LA,WR,33,22.8,0.69,0
2026,2,Kyren Williams,LA,RB,33,18.2,0.55,0
2026,2,Matthew Stafford,LA,QB,33,33.0,1.0,0
2026,2,Max Klare,LA,TE,33,0.0,0.0,0
2026,2,Ronnie Rivers,LA,RB,33,0.0,0.0,0
2026,2,Terrance Ferguson,LA,TE,33,19.1,0.58,0
2026,2,Tutu Atwell,LA,WR,33,5.9,0.18,0
2026,2,Tyler Higbee,LA,TE,33,8.6,0.26,0
2026,2,Xavier Smith,LA,WR,33,13.9,0.42,0
2026,2,Alec Ingold,LAC,FB,31,12.7,0.41,0
2026,2,Brenen Thompson,LAC,WR,31,5.6,0.18,0
2026,2,Charlie Kolar,LAC,TE,31,19.2,0.62,0
2026,2,David Njoku,LAC,TE,31,5.0,0.16,0
2026,2,Derius Davis,LAC,WR,31,3.7,0.12,0
2026,2,Gary Jennings Jr,LAC,WR,31,0.0,0.0,0
2026,2,Justin Herbert,LAC,QB,31,31.0,1.0,0
2026,2,Keaton Mitchell,LAC,RB,31,7.8,0.25,0
2026,2,Kimani Vidal,LAC,RB,31,3.1,0.1,0
2026,2,Ladd McConkey,LAC,WR,31,14.3,0.46,0
2026,2,Omarion Hampton,LAC,RB,31,19.5,0.63,0
2026,2,Oronde Gadsden II,LAC,TE,31,13.6,0.44,0
2026,2,Quentin Johnston,LAC,WR,31,25.1,0.81,0
2026,2,Tre Harris,LAC,WR,31,25.4,0.82,0
2026,2,Ashton Jeanty,LV,RB,32,25.9,0.81,0
2026,2,Chris Myarick,LV,TE,32,1.6,0.05,0
2026,2,Cody White,LV,WR,32,3.5,0.11,0
2026,2,Connor Heyward,LV,FB,32,9.6,0.3,0
2026,2,Dareke Young,LV,WR,32,6.1,0.19,0
2026,2,Dylan Laube,LV,RB,32,4.2,0.13,0
2026,2,Ian Thomas,LV,TE,32,15.7,0.49,0
2026,2,Jack Bech,LV,WR,32,17.3,0.54,0
2026,2,Jalen Nailor,LV,WR,32,19.2,0.6,0
2026,2,Kirk Cousins,LV,QB,32,32.0,1.0,0
2026,2,Malik Benson,LV,WR,32,4.2,0.13,0
2026,2,Michael Mayer,LV,TE,32,26.9,0.84,0
2026,2,Mike Washington Jr.,LV,RB,32,6.1,0.19,0
2026,2,Tre Tucker,LV,WR,32,18.9,0.59,0
2026,2,Caleb Douglas,MIA,WR,28,24.1,0.86,0
2026,2,Chris Bell,MIA,WR,28,11.5,0.41,0
2026,2,DJ Herman,MIA,FB,28,8.1,0.29,0
2026,2,De'Von Achane,MIA,RB,28,21.3,0.76,0
2026,2,Greg Dulcich,MIA,TE,28,17.1,0.61,0
2026,2,Jaylen Wright,MIA,RB,28,1.4,0.05,0
2026,2,Kevin Coleman,MIA,WR,28,12.9,0.46,0
2026,2,Malik Washington,MIA,WR,28,20.4,0.73,0
2026,2,Malik Willis,MIA,QB,28,28.0,1.0,0
2026,2,Ollie Gordon,MIA,RB,28,5.3,0.19,0
2026,2,Ryan Miller,MIA,WR,28,3.4,0.12,0
2026,2,Seydou Traore,MIA,TE,28,0.0,0.0,0
2026,2,Will Kacmarek,MIA,TE,28,13.2,0.47,0
2026,2,Aaron Jones,MIN,RB,24,19.4,0.81,0
2026,2,Carson Wentz,MIN,QB,24,24.0,1.0,0
2026,2,DeeJay Dallas,MIN,RB,24,3.6,0.15,0
2026,2,Demond Claiborne,MIN,RB,24,1.0,0.04,0
2026,2,Dillon Bell,MIN,WR,24,0.0,0.0,0
2026,2,Gavin Bartholomew,MIN,TE,24,0.0,0.0,0
2026,2,Jordan Addison,MIN,WR,24,21.1,0.88,0
2026,2,Josh Oliver,MIN,TE,24,14.4,0.6,0
2026,2,Justin Jefferson,MIN,WR,24,24.0,1.0,0
2026,2,Max Bredeson,MIN,FB,24,7.9,0.33,0
2026,2,Myles Price,MIN,WR,24,12.0,0.5,0
2026,2,T.J. Hockenson,MIN,TE,24,16.6,0.69,0
2026,2,Tai Felton,MIN,WR,24,0.0,0.0,0
2026,2,Cameron Latu,NE,TE,27,6.8,0.25,0
2026,2,Corey Kiner,NE,RB,27,1.9,0.07,0
2026,2,DeMario Douglas,NE,WR,27,12.7,0.47,0
2026,2,Drake Maye,NE,QB,27,27.0,1.0,0
2026,2,Efton Chism,NE,WR,27,4.9,0.18,0
2026,2,Eli Raridon,NE,TE,27,5.4,0.2,0
2026,2,Hunter Henry,NE,TE,27,24.6,0.91,0
2026,2,Kyle Williams,NE,WR,27,5.4,0.2,0
2026,2,Mack Hollins,NE,WR,27,19.2,0.71,0
2026,2,Reggie Gilliam,NE,FB,27,9.7,0.36,0
2026,2,Rhamondre Stevenson,NE,RB,27,9.7,0.36,0
2026,2,Romeo Doubs,NE,WR,27,18.1,0.67,0
2026,2,TreVeyon Henderson,NE,RB,27,16.2,0.6,0
2026,2,Alvin Kamara,NO,RB,39,11.3,0.29,0
2026,2,Barion Brown,NO,WR,39,1.2,0.03,0
2026,2,Bryce Lance,NO,WR,39,30.8,0.79,0
2026,2,CJ Donaldson,NO,RB,39,11.3,0.29,0
2026,2,Chris Olave,NO,WR,39,32.8,0.84,0
2026,2,Devaughn Vele,NO,WR,39,37.4,0.96,0
2026,2,Juwan Johnson,NO,TE,39,20.7,0.53,0
2026,2,Kevin Austin,NO,WR,39,2.7,0.07,0
2026,2,Noah Fant,NO,TE,39,17.2,0.44,0
2026,2,Oscar Delp,NO,TE,39,5.1,0.13,0
2026,2,Travis Etienne,NO,RB,39,21.1,0.54,0
2026,2,Treyton Welch,NO,TE,39,2.7,0.07,0
2026,2,Tyler Shough,NO,QB,39,39.0,1.0,0
2026,2,Braxton Berrios,NYG,WR,34,3.1,0.09,0
2026,2,Cam Skattebo,NYG,RB,34,20.1,0.59,0
2026,2,Chris Manhertz,NYG,TE,34,10.5,0.31,0
2026,2,Darnell Mooney,NYG,WR,34,24.5,0.72,0
2026,2,Devin Singletary,NYG,RB,34,8.8,0.26,0
2026,2,Isaiah Likely,NYG,TE,34,23.5,0.69,0
2026,2,Jameis Winston,NYG,QB,34,29.9,0.88,0
2026,2,Jaxson Dart,NYG,QB,34,4.1,0.12,0
2026,2,Malachi Fields,NYG,WR,34,27.5,0.81,0
2026,2,Malik Nabers,NYG,WR,34,25.2,0.74,0
2026,2,Najee Harris,NYG,RB,34,4.8,0.14,0
2026,2,Odell Beckham Jr.,NYG,WR,34,1.7,0.05,0
2026,2,Patrick Ricard,NYG,FB,34,10.5,0.31,0
2026,2,Theo Johnson,NYG,TE,34,9.5,0.28,0
2026,2,Tyrone Tracy Jr.,NYG,RB,34,0.7,0.02,0
2026,2,Adonai Mitchell,NYJ,WR,49,40.2,0.82,0
2026,2,Andrew Beck,NYJ,FB,49,2.5,0.05,0
2026,2,Arian Smith,NYJ,WR,49,0.5,0.01,0
2026,2,Braelon Allen,NYJ,RB,49,15.2,0.31,0
2026,2,Breece Hall,NYJ,RB,49,31.9,0.65,0
2026,2,Garrett Wilson,NYJ,WR,49,43.1,0.88,0
2026,2,Geno Smith,NYJ,QB,49,49.0,1.0,0
2026,2,Isaiah Davis,NYJ,RB,49,0.0,0.0,0
2026,2,Isaiah Williams,NYJ,WR,49,40.2,0.82,0
2026,2,Jelani Woods,NYJ,TE,49,13.7,0.28,0
2026,2,Jeremy Ruckert,NYJ,TE,49,16.7,0.34,0
2026,2,Kenyon Sadiq,NYJ,TE,49,17.6,0.36,0
2026,2,Mason Taylor,NYJ,TE,49,22.5,0.46,0
2026,2,Britain Covey,PHI,WR,42,0.0,0.0,0
2026,2,Dallas Goedert,PHI,TE,42,10.5,0.25,0
2026,2,Darius Cooper,PHI,WR,42,17.2,0.41,0
2026,2,DeVonta Smith,PHI,WR,42,37.0,0.88,0
2026,2,Dontayvion Wicks,PHI,WR,42,26.0,0.62,0
2026,2,E.J. Jenkins,PHI,TE,42,13.9,0.33,0
2026,2,Jalen Hurts,PHI,QB,42,42.0,1.0,0
2026,2,Johnny Mundt,PHI,TE,42,26.9,0.64,0
2026,2,Makai Lemon,PHI,WR,42,26.5,0.63,0
2026,2,Marquise Brown,PHI,WR,42,9.2,0.22,0
2026,2,Saquon Barkley,PHI,RB,42,6.7,0.16,0
2026,2,Tank Bigsby,PHI,RB,42,14.3,0.34,0
2026,2,Will Shipley,PHI,RB,42,21.4,0.51,0
2026,2,Aaron Rodgers,PIT,QB,46,44.2,0.96,0
2026,2,Ben Skowronek,PIT,WR,46,9.7,0.21,0
2026,2,D.K. Metcalf,PIT,WR,46,44.6,0.97,0
2026,2,Darnell Washington,PIT,TE,46,24.4,0.53,0
2026,2,Eli Heidenreich,PIT,RB,46,0.0,0.0,0
2026,2,Germie Bernard,PIT,WR,46,36.3,0.79,0
2026,2,Jaylen Warren,PIT,RB,46,32.7,0.71,0
2026,2,Kaden Wetjen,PIT,WR,46,0.0,0.0,0
2026,2,Mason Rudolph,PIT,QB,46,1.8,0.04,0
2026,2,Pat Freiermuth,PIT,TE,46,30.4,0.66,0
2026,2,Rico Dowdle,PIT,RB,46,12.0,0.26,0
2026,2,Riley Nowakowski,PIT,FB,46,1.4,0.03,0
2026,2,Robert Tonyan,PIT,TE,46,1.4,0.03,0
2026,2,Roman Wilson,PIT,WR,46,36.3,0.79,0
2026,2,Travis Homer,PIT,RB,46,1.4,0.03,0
2026,2,AJ Barner,SEA,TE,27,21.6,0.8,0
2026,2,Brady Russell,SEA,FB,27,11.9,0.44,0
2026,2,Cooper Kupp,SEA,WR,27,11.6,0.43,0
2026,2,Drew Lock,SEA,QB,27,27.0,1.0,0
2026,2,Elijah Arroyo,SEA,TE,27,5.7,0.21,0
2026,2,Emanuel Wilson,SEA,RB,27,11.1,0.41,0
2026,2,Eric Saubert,SEA,TE,27,6.5,0.24,0
2026,2,George Holani,SEA,RB,27,7.0,0.26,0
2026,2,Jadarian Price,SEA,RB,27,9.2,0.34,0
2026,2,Jaxon Smith-Njigba,SEA,WR,27,18.1,0.67,0
2026,2,Nick Kallerup,SEA,TE,27,7.3,0.27,0
2026,2,Rashid Shaheed,SEA,WR,27,15.1,0.56,0
2026,2,Tory Horton,SEA,WR,27,8.4,0.31,0
2026,2,Brayden Willis,SF,TE,25,6.2,0.25,0
2026,2,Brock Purdy,SF,QB,25,21.2,0.85,0
2026,2,Christian McCaffrey,SF,RB,25,13.0,0.52,0
2026,2,Deebo Samuel,SF,WR,25,15.0,0.6,0
2026,2,Demarcus Robinson,SF,WR,25,7.8,0.31,0
2026,2,George Kittle,SF,TE,25,12.0,0.48,0
2026,2,Jacob Cowing,SF,WR,25,11.5,0.46,0
2026,2,Jordan James,SF,RB,25,3.8,0.15,0
2026,2,Kaelon Black,SF,RB,25,8.2,0.33,0
2026,2,KhaDarel Hodge,SF,WR,25,9.5,0.38,0
2026,2,Kyle Juszczyk,SF,FB,25,11.0,0.44,0
2026,2,Luke Farrell,SF,TE,25,13.5,0.54,0
2026,2,Mac Jones,SF,QB,25,3.8,0.15,0
2026,2,Mike Evans,SF,WR,25,13.5,0.54,0
2026,2,Baker Mayfield,TB,QB,40,40.0,1.0,0
2026,2,Bauer Sharp,TB,TE,40,2.0,0.05,0
2026,2,Bucky Irving,TB,RB,40,31.2,0.78,0
2026,2,Cade Otton,TB,TE,40,35.6,0.89,0
2026,2,Chris Godwin,TB,WR,40,34.4,0.86,0
2026,2,Emeka Egbuka,TB,WR,40,34.4,0.86,0
2026,2,Jalen McMillan,TB,WR,40,4.4,0.11,0
2026,2,Kameron Johnson,TB,WR,40,0.0,0.0,0
2026,2,Kenneth Gainwell,TB,RB,40,14.0,0.35,0
2026,2,Ko Kieft,TB,TE,40,0.0,0.0,0
2026,2,Payne Durham,TB,TE,40,2.4,0.06,0
2026,2,Sean Tucker,TB,RB,40,0.0,0.0,0
2026,2,Ted Hurst,TB,WR,40,29.6,0.74,0
2026,2,Tez Johnson,TB,WR,40,11.6,0.29,0
2026,2,Calvin Ridley,TEN,WR,24,14.9,0.62,0
2026,2,Cam Ward,TEN,QB,24,24.0,1.0,0
2026,2,Carnell Tate,TEN,WR,24,18.0,0.75,0
2026,2,Chimere Dike,TEN,WR,24,1.0,0.04,0
2026,2,Daniel Bellinger,TEN,TE,24,10.8,0.45,0
2026,2,David Martin-Robinson,TEN,TE,24,3.1,0.13,0
2026,2,Elic Ayomanor,TEN,WR,24,12.7,0.53,0
2026,2,Gunnar Helm,TEN,TE,24,20.9,0.87,0
2026,2,Julius Chestnut,TEN,RB,24,0.0,0.0,0
2026,2,Nicholas Singleton,TEN,RB,24,2.6,0.11,0
2026,2,Tony Pollard,TEN,RB,24,13.2,0.55,0
2026,2,Tyjae Spears,TEN,RB,24,8.6,0.36,0
2026,2,Wan'Dale Robinson,TEN,WR,24,12.7,0.53,0
2026,2,Antonio Williams,WAS,WR,42,20.6,0.49,0
2026,2,Ben Sinnott,WAS,TE,42,28.6,0.68,0
2026,2,Colson Yankoff,WAS,TE,42,12.6,0.3,0
2026,2,Dyami Brown,WAS,WR,42,23.1,0.55,0
2026,2,Jacory Croskey-Merritt,WAS,RB,42,15.5,0.37,0
2026,2,Jayden Daniels,WAS,QB,42,23.1,0.55,0
2026,2,Jaylin Lane,WAS,WR,42,6.3,0.15,0
2026,2,John Bates,WAS,TE,42,13.0,0.31,0
2026,2,Kaytron Allen,WAS,RB,42,3.4,0.08,0
2026,2,Marcus Mariota,WAS,QB,42,18.9,0.45,0
2026,2,Rachaad White,WAS,RB,42,21.8,0.52,0
2026,2,Stefon Diggs,WAS,WR,42,21.4,0.51,0
2026,2,Terry McLaurin,WAS,WR,42,29.4,0.7,0
2026,2,Treylon Burks,WAS,WR,42,12.6,0.3,0
2026,3,Devin Duvernay,ARI,WR,54,0.0,0.0,0
2026,3,Elijah Higgins,ARI,TE,54,21.6,0.4,0
2026,3,Hunter Long,ARI,TE,54,18.4,0.34,0
2026,3,Jacoby Brissett,ARI,QB,54,54.0,1.0,0
2026,3,Jalen Brooks,ARI,WR,54,2.7,0.05,0
2026,3,Jeremiyah Love,ARI,RB,54,34.6,0.64,0
2026,3,Kendrick Bourne,ARI,WR,54,29.7,0.55,0
2026,3,Marvin Harrison Jr.,ARI,WR,54,41.6,0.77,0
2026,3,Michael Wilson,ARI,WR,54,50.2,0.93,0
2026,3,Simi Fehoko,ARI,WR,54,0.0,0.0,0
2026,3,Trey McBride,ARI,TE,54,49.1,0.91,0
2026,3,Tyler Allgeier,ARI,RB,54,19.4,0.36,0
2026,3,Zonovan Knight,ARI,RB,54,0.0,0.0,0
2026,3,Austin Hooper,ATL,TE,26,6.0,0.23,0
2026,3,Bijan Robinson,ATL,RB,26,18.7,0.72,0
2026,3,Brian Robinson Jr.,ATL,RB,26,7.0,0.27,0
2026,3,Charlie Woerner,ATL,TE,26,15.9,0.61,0
2026,3,Chris Blair,ATL,WR,26,4.7,0.18,0
2026,3,Drake London,ATL,WR,26,24.2,0.93,0
2026,3,Jahan Dotson,ATL,WR,26,17.2,0.66,0
2026,3,Kyle Pitts,ATL,TE,26,15.3,0.59,0
2026,3,Michael Penix,ATL,QB,26,26.0,1.0,0
2026,3,Nick Muse,ATL,TE,26,6.2,0.24,0
2026,3,Olamide Zaccheaus,ATL,WR,26,8.8,0.34,0
2026,3,Zachariah Branch,ATL,WR,26,4.7,0.18,0
2026,3,Chris Moore,BAL,WR,22,11.4,0.52,0
2026,3,Derrick Henry,BAL,RB,22,14.7,0.67,0
2026,3,Devontez Walker,BAL,WR,22,5.9,0.27,0
2026,3,Durham Smythe,BAL,TE,22,11.7,0.53,0
2026,3,Josh Cuevas,BAL,TE,22,5.5,0.25,0
2026,3,Justice Hill,BAL,RB,22,7.3,0.33,0
2026,3,LaJohntay Wester,BAL,WR,22,3.7,0.17,0
2026,3,Lamar Jackson,BAL,QB,22,22.0,1.0,0
2026,3,Mark Andrews,BAL,TE,22,11.4,0.52,0
2026,3,Matthew Hibner,BAL,TE,22,11.0,0.5,0
2026,3,Rasheen Ali,BAL,RB,22,0.0,0.0,0
2026,3,Rashod Bateman,BAL,WR,22,19.4,0.88,0
2026,3,Zay Flowers,BAL,WR,22,7.3,0.33,0
2026,3,D.J. Moore,BUF,WR,31,19.8,0.64,0
2026,3,Dalton Kincaid,BUF,TE,31,20.8,0.67,0
2026,3,Dawson Knox,BUF,TE,31,21.7,0.7,0
2026,3,Greg Dortch,BUF,WR,31,2.5,0.08,0
2026,3,Jackson Hawes,BUF,TE,31,11.8,0.38,0
2026,3,James Cook,BUF,RB,31,20.8,0.67,0
2026,3,Josh Allen,BUF,QB,31,31.0,1.0,0
2026,3,Josh Palmer,BUF,WR,31,9.9,0.32,0
2026,3,Keleki Latu,BUF,TE,31,1.6,0.05,0
2026,3,Keon Coleman,BUF,WR,31,14.9,0.48,0
2026,3,Khalil Shakir,BUF,WR,31,22.6,0.73,0
2026,3,Ray Davis,BUF,RB,31,2.5,0.08,0
2026,3,Ty Johnson,BUF,RB,31,7.1,0.23,0
2026,3,AJ Dillon,CAR,RB,51,8.2,0.16,0
2026,3,Anthony Tyus,CAR,RB,51,0.0,0.0,0
2026,3,Bryce Young,CAR,QB,51,51.0,1.0,0
2026,3,Brycen Tremayne,CAR,WR,51,41.3,0.81,0
2026,3,Chuba Hubbard,CAR,RB,51,42.8,0.84,0
2026,3,Darren Waller,CAR,TE,51,26.0,0.51,0
2026,3,David Moore,CAR,WR,51,3.1,0.06,0
2026,3,Feleipe Franks,CAR,TE,51,0.0,0.0,0
2026,3,Jalen Coker,CAR,WR,51,18.4,0.36,0
2026,3,John Metchie,CAR,WR,51,28.6,0.56,0
2026,3,Mitchell Evans,CAR,TE,51,13.8,0.27,0
2026,3,Tetairoa McMillan,CAR,WR,51,48.4,0.95,0
2026,3,Tommy Tremble,CAR,TE,51,24.5,0.48,0
2026,3,Case Keenum,CHI,QB,35,35.0,1.0,0
2026,3,Cole Kmet,CHI,TE,35,21.0,0.6,0
2026,3,Colston Loveland,CHI,TE,35,27.7,0.79,0
2026,3,D'Andre Swift,CHI,RB,35,24.1,0.69,0
2026,3,Jahdae Walker,CHI,WR,35,2.1,0.06,0
2026,3,Kalif Raymond,CHI,WR,35,26.2,0.75,0
2026,3,Kyle Monangai,CHI,RB,35,10.8,0.31,0
2026,3,Luther Burden,CHI,WR,35,21.3,0.61,0
2026,3,Rome Odunze,CHI,WR,35,29.8,0.85,0
2026,3,Roschon Johnson,CHI,RB,35,0.0,0.0,0
2026,3,Sam Roush,CHI,TE,35,7.7,0.22,0
2026,3,Zavion Thomas,CHI,WR,35,3.9,0.11,0
2026,3,Chase Brown,CIN,HB,40,28.0,0.7,0
2026,3,Colbie Young,CIN,WR,40,0.8,0.02,0
2026,3,Dohnte Meyers,CIN,WR,40,22.4,0.56,0
2026,3,Drew Sample,CIN,TE,40,20.4,0.51,0
2026,3,Erick All,CIN,TE,40,8.4,0.21,0
2026,3,Ja'Marr Chase,CIN,WR,40,40.0,1.0,0
2026,3,Joe Burrow,CIN,QB,40,40.0,1.0,0
2026,3,Ke'Shawn Williams,CIN,WR,40,0.0,0.0,0
2026,3,Mike Gesicki,CIN,TE,40,20.4,0.51,0
2026,3,Samaje Perine,CIN,HB,40,12.8,0.32,0
2026,3,Tahj Brooks,CIN,HB,40,0.0,0.0,0
2026,3,Tanner Hudson,CIN,TE,40,9.2,0.23,0
2026,3,Tee Higgins,CIN,WR,40,37.2,0.93,0
2026,3,Blake Whiteheart,CLE,TE,39,15.2,0.39,0
2026,3,Carsen Ryan,CLE,TE,39,0.0,0.0,0
2026,3,Denzel Boston,CLE,WR,39,34.7,0.89,0
2026,3,Deshaun Watson,CLE,QB,39,38.6,0.99,0
2026,3,Harold Fannin,CLE,TE,39,33.5,0.86,0
2026,3,Isaiah Bond,CLE,WR,39,2.7,0.07,0
2026,3,Jaleel McLaughlin,CLE,RB,39,2.3,0.06,0
2026,3,Jerry Jeudy,CLE,WR,39,19.9,0.51,0
2026,3,KC Concepcion,CLE,WR,39,33.5,0.86,0
2026,3,Malachi Corley,CLE,WR,39,0.4,0.01,0
2026,3,Michael Burton,CLE,FB,39,8.2,0.21,0
2026,3,Quinshon Judkins,CLE,RB,39,19.9,0.51,0
2026,3,Raheim Sanders,CLE,RB,39,16.8,0.43,0
2026,3,Shedeur Sanders,CLE,QB,39,0.4,0.01,0
2026,3,Tylan Wallace,CLE,WR,39,7.8,0.2,0
2026,3,Brevyn Spann-Ford,DAL,TE,46,17.5,0.38,0
2026,3,CeeDee Lamb,DAL,WR,46,37.7,0.82,0
2026,3,Dak Prescott,DAL,QB,46,46.0,1.0,0
2026,3,George Pickens,DAL,WR,46,39.1,0.85,0
2026,3,Hunter Luepke,DAL,FB,46,6.4,0.14,0
2026,3,Jake Ferguson,DAL,TE,46,31.7,0.69,0
2026,3,Javonte Williams,DAL,RB,46,35.0,0.76,0
2026,3,Jonathan Mingo,DAL,WR,46,8.3,0.18,0
2026,3,KaVontae Turpin,DAL,WR,46,7.4,0.16,0
2026,3,Luke Schoonmaker,DAL,TE,46,10.1,0.22,0
2026,3,Ryan Flournoy,DAL,WR,46,30.4,0.66,0
2026,3,Tyler Goodson,DAL,RB,46,6.9,0.15,0
2026,3,Adam Prentice,DEN,FB,37,2.2,0.06,0
2026,3,Adam Trautman,DEN,TE,37,14.8,0.4,0
2026,3,Bo Nix,DEN,QB,37,37.0,1.0,0
2026,3,Courtland Sutton,DEN,WR,37,32.2,0.87,0
2026,3,Evan Engram,DEN,TE,37,22.2,0.6,0
2026,3,J.K. Dobbins,DEN,RB,37,18.1,0.49,0
2026,3,Jaylen Waddle,DEN,WR,37,27.0,0.73,0
2026,3,Kolbe Katsis,DEN,WR,37,0.0,0.0,0
2026,3,Nate Adkins,DEN,TE,37,12.6,0.34,0
2026,3,Pat Bryant,DEN,WR,37,25.9,0.7,0
2026,3,RJ Harvey,DEN,RB,37,13.3,0.36,0
2026,3,Troy Franklin,DEN,WR,37,6.7,0.18,0
2026,3,Tyler Badie,DEN,RB,37,6.7,0.18,0
2026,3,Amon-Ra St. Brown,DET,WR,36,26.6,0.74,0
2026,3,Brock Wright,DET,TE,36,20.9,0.58,0
2026,3,Isaac TeSlaa,DET,WR,36,17.3,0.48,0
2026,3,Jackson Meeks,DET,TE,36,5.4,0.15,0
2026,3,Jacob Saylors,DET,RB,36,1.1,0.03,0
2026,3,Jahmyr Gibbs,DET,RB,36,24.8,0.69,0
2026,3,Jameson Williams,DET,WR,36,29.5,0.82,0
2026,3,Jared Goff,DET,QB,36,36.0,1.0,0
2026,3,Sam LaPorta,DET,TE,36,33.1,0.92,0
2026,3,Sione Vaki,DET,RB,36,11.2,0.31,0
2026,3,Tay Martin,DET,WR,36,1.1,0.03,0
2026,3,Tom Kennedy,DET,WR,36,0.0,0.0,0
2026,3,Bo Melton,GB,WR,54,17.3,0.32,0
2026,3,Chris Brooks,GB,RB,54,22.1,0.41,0
2026,3,Christian Watson,GB,WR,54,43.2,0.8,0
2026,3,J. Michael Sturdivant,GB,WR,54,17.3,0.32,0
2026,3,Jonnu Smith,GB,TE,54,17.8,0.33,0
2026,3,Jordan Love,GB,QB,54,54.0,1.0,0
2026,3,Josh Whyle,GB,TE,54,1.1,0.02,0
2026,3,Kaleb Johnson,GB,RB,54,19.4,0.36,0
2026,3,MarShawn Lloyd,GB,RB,54,12.4,0.23,0
2026,3,Mark Redman,GB,TE,54,6.5,0.12,0
2026,3,Matthew Golden,GB,WR,54,44.3,0.82,0
2026,3,Skyy Moore,GB,WR,54,28.1,0.52,0
2026,3,Tucker Kraft,GB,TE,54,41.0,0.76,0
2026,3,British Brooks,HOU,RB,31,0.0,0.0,0
2026,3,C.J. Stroud,HOU,QB,31,31.0,1.0,0
2026,3,Cade Stover,HOU,TE,31,13.6,0.44,0
2026,3,Dalton Schultz,HOU,TE,31,16.7,0.54,0
2026,3,David Montgomery,HOU,RB,31,19.5,0.63,0
2026,3,Foster Moreau,HOU,TE,31,17.7,0.57,0
2026,3,Jared Wayne,HOU,WR,31,18.9,0.61,0
2026,3,Jaylin Noel,HOU,WR,31,8.1,0.26,0
2026,3,Kayshon Boutte,HOU,WR,31,21.4,0.69,0
2026,3,Lewis Bond,HOU,WR,31,5.3,0.17,0
2026,3,Marlin Klein,HOU,TE,31,2.2,0.07,0
2026,3,Woody Marks,HOU,RB,31,11.5,0.37,0
2026,3,Xavier Hutchinson,HOU,WR,31,16.7,0.54,0
2026,3,Andrew Ogletree,IND,TE,41,12.3,0.3,0
2026,3,Anthony Gould,IND,WR,41,0.0,0.0,0
2026,3,Daniel Jones,IND,QB,41,41.0,1.0,0
2026,3,Deion Burks,IND,WR,41,5.7,0.14,0
2026,3,Jonathan Taylor,IND,RB,41,34.9,0.85,0
2026,3,Josh Downs,IND,WR,41,27.9,0.68,0
2026,3,Keenan Allen,IND,WR,41,29.9,0.73,0
2026,3,Laquon Treadwell,IND,WR,41,32.4,0.79,0
2026,3,Mo Alie-Cox,IND,TE,41,15.6,0.38,0
2026,3,Nick Westbrook-Ikhine,IND,WR,41,0.4,0.01,0
2026,3,Seth McGowan,IND,RB,41,6.1,0.15,0
2026,3,Tyler Warren,IND,TE,41,38.5,0.94,0
2026,3,Ameer Abdullah,JAX,RB,32,3.5,0.11,0
2026,3,Bhayshul Tuten,JAX,RB,32,15.4,0.48,0
2026,3,Brenton Strange,JAX,TE,32,24.6,0.77,0
2026,3,Brian Thomas,JAX,WR,32,11.8,0.37,0
2026,3,Chris Rodriguez,JAX,RB,32,6.7,0.21,0
2026,3,Jakobi Meyers,JAX,WR,32,25.9,0.81,0
2026,3,Josh Cameron,JAX,WR,32,11.8,0.37,0
2026,3,LeQuint Allen,JAX,RB,32,5.8,0.18,0
2026,3,Nate Boerkircher,JAX,TE,32,14.4,0.45,0
2026,3,Parker Washington,JAX,WR,32,25.9,0.81,0
2026,3,Quinn Ewers,JAX,QB,32,1.6,0.05,0
2026,3,Quintin Morris,JAX,TE,32,9.3,0.29,0
2026,3,Tanner Koziol,JAX,TE,32,1.6,0.05,0
2026,3,Travis Hunter,JAX,WR,32,2.6,0.08,0
2026,3,Trevor Lawrence,JAX,QB,32,30.4,0.95,0
2026,3,Ben VanSumeren,KC,FB,25,0.0,0.0,0
2026,3,Brashard Smith,KC,RB,25,2.0,0.08,0
2026,3,Cyrus Allen,KC,WR,25,0.5,0.02,0
2026,3,Emmett Johnson,KC,RB,25,6.8,0.27,0
2026,3,Jake Briningstool,KC,TE,25,3.0,0.12,0
2026,3,Jalen Royals,KC,WR,25,4.8,0.19,0
2026,3,Kenneth Walker III,KC,RB,25,18.2,0.73,0
2026,3,Nikko Remigio,KC,WR,25,0.0,0.0,0
2026,3,Noah Gray,KC,TE,25,15.8,0.63,0
2026,3,Patrick Mahomes,KC,QB,25,25.0,1.0,0
2026,3,Rashee Rice,KC,WR,25,19.2,0.77,0
2026,3,Travis Kelce,KC,TE,25,19.8,0.79,0
2026,3,Tyquan Thornton,KC,WR,25,11.5,0.46,0
2026,3,Xavier Worthy,KC,WR,25,20.8,0.83,0
2026,3,Blake Corum,LA,RB,60,17.4,0.29,0
2026,3,Colby Parkinson,LA,TE,60,25.8,0.43,0
2026,3,Davante Adams,LA,WR,60,49.8,0.83,0
2026,3,Davis Allen,LA,TE,60,21.6,0.36,0
2026,3,Dean Connors,LA,RB,60,0.0,0.0,0
2026,3,Jordan Whittington,LA,WR,60,14.4,0.24,0
2026,3,Konata Mumpfield,LA,WR,60,43.8,0.73,0
2026,3,Kyren Williams,LA,RB,60,42.6,0.71,0
2026,3,Matthew Stafford,LA,QB,60,60.0,1.0,0
2026,3,Max Klare,LA,TE,60,0.0,0.0,0
2026,3,Terrance Ferguson,LA,TE,60,15.6,0.26,0
2026,3,Tyler Higbee,LA,TE,60,42.6,0.71,0
2026,3,Xavier Smith,LA,WR,60,26.4,0.44,0
2026,3,Alec Ingold,LAC,FB,38,17.1,0.45,0
2026,3,Derius Davis,LAC,WR,38,0.4,0.01,0
2026,3,Hayden Rucci,LAC,TE,38,15.6,0.41,0
2026,3,Justin Herbert,LAC,QB,38,38.0,1.0,0
2026,3,Keaton Mitchell,LAC,RB,38,14.4,0.38,0
2026,3,Kimani Vidal,LAC,RB,38,9.5,0.25,0
2026,3,Ladd McConkey,LAC,WR,38,33.4,0.88,0
2026,3,Marquez Valdes-Scantling,LAC,WR,38,1.5,0.04,0
2026,3,Omarion Hampton,LAC,RB,38,16.0,0.42,0
2026,3,Oronde Gadsden II,LAC,TE,38,21.7,0.57,0
2026,3,Patrick Herbert,LAC,TE,38,0.4,0.01,0
2026,3,Quentin Johnston,LAC,WR,38,33.1,0.87,0
2026,3,Tre Harris,LAC,WR,38,22.0,0.58,0
2026,3,Ashton Jeanty,LV,RB,39,32.8,0.84,0
2026,3,Brock Bowers,LV,TE,39,30.8,0.79,0
2026,3,Cody White,LV,WR,39,8.2,0.21,0
2026,3,Connor Heyward,LV,FB,39,10.5,0.27,0
2026,3,Dareke Young,LV,WR,39,6.6,0.17,0
2026,3,Dylan Laube,LV,RB,39,2.3,0.06,0
2026,3,Ian Thomas,LV,TE,39,7.8,0.2,0
2026,3,Jack Bech,LV,WR,39,6.2,0.16,0
2026,3,Jalen Nailor,LV,WR,39,22.2,0.57,0
2026,3,Kirk Cousins,LV,QB,39,39.0,1.0,0
2026,3,Malik Benson,LV,WR,39,2.3,0.06,0
2026,3,Michael Mayer,LV,TE,39,33.9,0.87,0
2026,3,Mike Washington Jr.,LV,RB,39,6.2,0.16,0
2026,3,Tre Tucker,LV,WR,39,22.2,0.57,0
2026,3,Chris Bell,MIA,WR,42,29.8,0.71,0
2026,3,DJ Herman,MIA,FB,42,15.5,0.37,0
2026,3,De'Von Achane,MIA,RB,42,2.1,0.05,0
2026,3,Greg Dulcich,MIA,TE,42,29.4,0.7,0
2026,3,Jalen Tolbert,MIA,WR,42,6.7,0.16,0
2026,3,Justin Joly,MIA,TE,42,0.0,0.0,0
2026,3,Kevin Coleman,MIA,WR,42,26.0,0.62,0
2026,3,Malik Washington,MIA,WR,42,36.1,0.86,0
2026,3,Malik Willis,MIA,QB,42,42.0,1.0,0
2026,3,Ollie Gordon,MIA,RB,42,35.3,0.84,0
2026,3,Ryan Miller,MIA,WR,42,9.2,0.22,0
2026,3,Seydou Traore,MIA,TE,42,0.0,0.0,0
2026,3,Will Kacmarek,MIA,TE,42,17.2,0.41,0
2026,3,Aaron Jones,MIN,RB,34,27.2,0.8,0
2026,3,DeeJay Dallas,MIN,RB,34,5.1,0.15,0
2026,3,Demond Claiborne,MIN,RB,34,1.7,0.05,0
2026,3,Gavin Bartholomew,MIN,TE,34,2.4,0.07,0
2026,3,Jauan Jennings,MIN,WR,34,27.2,0.8,0
2026,3,Jordan Addison,MIN,WR,34,33.3,0.98,0
2026,3,Josh Oliver,MIN,TE,34,13.9,0.41,0
2026,3,Justin Jefferson,MIN,WR,34,4.1,0.12,0
2026,3,Kyler Murray,MIN,QB,34,34.0,1.0,0
2026,3,Max Bredeson,MIN,FB,34,5.8,0.17,0
2026,3,Myles Price,MIN,WR,34,2.4,0.07,0
2026,3,T.J. Hockenson,MIN,TE,34,28.9,0.85,0
2026,3,Tai Felton,MIN,WR,34,18.4,0.54,0
2026,3,Cameron Latu,NE,TE,37,5.2,0.14,0
2026,3,Corey Kiner,NE,RB,37,4.8,0.13,0
2026,3,DeMario Douglas,NE,WR,37,21.8,0.59,0
2026,3,Drake Maye,NE,QB,37,30.0,0.81,0
2026,3,Efton Chism,NE,WR,37,9.2,0.25,0
2026,3,Hunter Henry,NE,TE,37,25.9,0.7,0
2026,3,Kyle Williams,NE,WR,37,12.9,0.35,0
2026,3,Mack Hollins,NE,WR,37,28.1,0.76,0
2026,3,Reggie Gilliam,NE,FB,37,4.8,0.13,0
2026,3,Rhamondre Stevenson,NE,RB,37,19.2,0.52,0
2026,3,Romeo Doubs,NE,WR,37,27.0,0.73,0
2026,3,Tanner Arkin,NE,TE,37,8.9,0.24,0
2026,3,Tommy DeVito,NE,QB,37,7.0,0.19,0
2026,3,TreVeyon Henderson,NE,RB,37,13.7,0.37,0
2026,3,Alvin Kamara,NO,RB,45,14.4,0.32,0
2026,3,Bryce Lance,NO,WR,45,32.4,0.72,0
2026,3,CJ Donaldson,NO,RB,45,7.2,0.16,0
2026,3,Chris Olave,NO,WR,45,37.8,0.84,0
2026,3,Devaughn Vele,NO,WR,45,39.6,0.88,0
2026,3,Jalen Moreno-Cropper,NO,WR,45,0.0,0.0,0
2026,3,Juwan Johnson,NO,TE,45,27.9,0.62,0
2026,3,Kendre Miller,NO,RB,45,8.6,0.19,0
2026,3,Kevin Austin,NO,WR,45,6.3,0.14,0
2026,3,Noah Fant,NO,TE,45,25.6,0.57,0
2026,3,Oscar Delp,NO,TE,45,8.6,0.19,0
2026,3,Travis Etienne,NO,RB,45,17.1,0.38,0
2026,3,Tyler Shough,NO,QB,45,45.0,1.0,0
2026,3,Braxton Berrios,NYG,WR,26,2.1,0.08,0
2026,3,Cam Skattebo,NYG,RB,26,20.0,0.77,0
2026,3,Chris Manhertz,NYG,TE,26,11.4,0.44,0
2026,3,Darnell Mooney,NYG,WR,26,11.4,0.44,0
2026,3,Isaiah Likely,NYG,TE,26,21.8,0.84,0
2026,3,Jameis Winston,NYG,QB,26,26.0,1.0,0
2026,3,Malachi Fields,NYG,WR,26,17.9,0.69,0
2026,3,Malik Nabers,NYG,WR,26,20.3,0.78,0
2026,3,Najee Harris,NYG,RB,26,5.7,0.22,0
2026,3,Odell Beckham Jr.,NYG,WR,26,2.3,0.09,0
2026,3,Patrick Ricard,NYG,FB,26,12.2,0.47,0
2026,3,Theo Johnson,NYG,TE,26,4.4,0.17,0
2026,3,Tyrone Tracy Jr.,NYG,RB,26,0.5,0.02,0
2026,3,Andrew Beck,NYJ,FB,46,1.4,0.03,0
2026,3,Braelon Allen,NYJ,RB,46,23.9,0.52,0
2026,3,Breece Hall,NYJ,RB,46,22.1,0.48,0
2026,3,Garrett Wilson,NYJ,WR,46,43.2,0.94,0
2026,3,Geno Smith,NYJ,QB,46,46.0,1.0,0
2026,3,Isaiah Davis,NYJ,RB,46,0.0,0.0,0
2026,3,Isaiah Williams,NYJ,WR,46,40.9,0.89,0
2026,3,Jamaal Pritchett,NYJ,WR,46,0.0,0.0,0
2026,3,Jelani Woods,NYJ,TE,46,17.5,0.38,0
2026,3,Jeremy Ruckert,NYJ,TE,46,19.3,0.42,0
2026,3,Kenyon Sadiq,NYJ,TE,46,26.7,0.58,0
2026,3,Malik McClain,NYJ,WR,46,12.4,0.27,0
2026,3,Sterling Shepard,NYJ,WR,46,20.7,0.45,0
2026,3,Andy Dalton,PHI,QB,31,2.5,0.08,0
2026,3,Britain Covey,PHI,WR,31,0.0,0.0,0
2026,3,Darius Cooper,PHI,WR,31,3.1,0.1,0
2026,3,DeVonta Smith,PHI,WR,31,31.0,1.0,0
2026,3,Dontayvion Wicks,PHI,WR,31,27.3,0.88,0
2026,3,E.J. Jenkins,PHI,TE,31,8.1,0.26,0
2026,3,Elijah Moore,PHI,WR,31,3.7,0.12,0
2026,3,Jalen Hurts,PHI,QB,31,28.5,0.92,0
2026,3,Johnny Mundt,PHI,TE,31,16.1,0.52,0
2026,3,Makai Lemon,PHI,WR,31,21.7,0.7,0
2026,3,Saquon Barkley,PHI,RB,31,22.3,0.72,0
2026,3,Tank Bigsby,PHI,RB,31,1.2,0.04,0
2026,3,Will Shipley,PHI,RB,31,8.1,0.26,0
2026,3,Zach Ertz,PHI,TE,31,11.8,0.38,0
2026,3,Aaron Rodgers,PIT,QB,37,37.0,1.0,0
2026,3,Ben Skowronek,PIT,WR,37,6.7,0.18,0
2026,3,D.K. Metcalf,PIT,WR,37,35.1,0.95,0
2026,3,Darnell Washington,PIT,TE,37,28.1,0.76,0
2026,3,Germie Bernard,PIT,WR,37,10.0,0.27,0
2026,3,Jaylen Warren,PIT,RB,37,33.3,0.9,0
2026,3,Kaden Wetjen,PIT,WR,37,0.0,0.0,0
2026,3,Lew Nichols,PIT,RB,37,1.9,0.05,0
2026,3,Michael Pittman Jr.,PIT,WR,37,27.0,0.73,0
2026,3,Pat Freiermuth,PIT,TE,37,22.2,0.6,0
2026,3,Riley Nowakowski,PIT,FB,37,2.2,0.06,0
2026,3,Robert Tonyan,PIT,TE,37,2.2,0.06,0
2026,3,Roman Wilson,PIT,WR,37,14.4,0.39,0
2026,3,Travis Homer,PIT,RB,37,1.9,0.05,0
2026,3,AJ Barner,SEA,TE,47,42.8,0.91,0
2026,3,Brady Russell,SEA,FB,47,8.5,0.18,0
2026,3,Cooper Kupp,SEA,WR,47,31.5,0.67,0
2026,3,Elijah Arroyo,SEA,TE,47,12.7,0.27,0
2026,3,Emanuel Wilson,SEA,RB,47,16.9,0.36,0
2026,3,Eric Saubert,SEA,TE,47,12.7,0.27,0
2026,3,George Holani,SEA,RB,47,16.9,0.36,0
2026,3,Jadarian Price,SEA,RB,47,13.2,0.28,0
2026,3,Jaxon Smith-Njigba,SEA,WR,47,40.9,0.87,0
2026,3,Nick Kallerup,SEA,TE,47,4.7,0.1,0
2026,3,Rashid Shaheed,SEA,WR,47,21.6,0.46,0
2026,3,Sam Darnold,SEA,QB,47,47.0,1.0,0
2026,3,Tory Horton,SEA,WR,47,10.3,0.22,0
2026,3,Velus Jones Jr.,SEA,RB,47,0.0,0.0,0
2026,3,Brayden Willis,SF,TE,28,1.1,0.04,0
2026,3,Brock Purdy,SF,QB,28,28.0,1.0,0
2026,3,Christian McCaffrey,SF,RB,28,23.2,0.83,0
2026,3,Deebo Samuel,SF,WR,28,21.3,0.76,0
2026,3,George Kittle,SF,TE,28,23.8,0.85,0
2026,3,Jacob Cowing,SF,WR,28,8.7,0.31,0
2026,3,Jordan James,SF,RB,28,0.0,0.0,0
2026,3,Jordan Watkins,SF,WR,28,7.8,0.28,0
2026,3,Kaelon Black,SF,RB,28,4.2,0.15,0
2026,3,KhaDarel Hodge,SF,WR,28,15.7,0.56,0
2026,3,Kyle Juszczyk,SF,FB,28,15.7,0.56,0
2026,3,Luke Farrell,SF,TE,28,9.2,0.33,0
2026,3,Mike Evans,SF,WR,28,9.2,0.33,0
2026,3,Baker Mayfield,TB,QB,46,43.2,0.94,0
2026,3,Bauer Sharp,TB,TE,46,4.1,0.09,0
2026,3,Bucky Irving,TB,RB,46,23.9,0.52,0
2026,3,Cade Otton,TB,TE,46,43.2,0.94,0
2026,3,Chris Godwin,TB,WR,46,28.5,0.62,0
2026,3,Emeka Egbuka,TB,WR,46,34.0,0.74,0
2026,3,Jalen McMillan,TB,WR,46,1.4,0.03,0
2026,3,Jalon Daniels,TB,QB,46,2.8,0.06,0
2026,3,Kameron Johnson,TB,WR,46,0.5,0.01,0
2026,3,Kenneth Gainwell,TB,RB,46,21.2,0.46,0
2026,3,Ko Kieft,TB,TE,46,1.4,0.03,0
2026,3,Payne Durham,TB,TE,46,25.3,0.55,0
2026,3,Sean Tucker,TB,RB,46,0.5,0.01,0
2026,3,Ted Hurst,TB,WR,46,34.5,0.75,0
2026,3,Tez Johnson,TB,WR,46,10.6,0.23,0
2026,3,Calvin Ridley,TEN,WR,36,11.9,0.33,0
2026,3,Cam Ward,TEN,QB,36,36.0,1.0,0
2026,3,Carnell Tate,TEN,WR,36,31.7,0.88,0
2026,3,Chimere Dike,TEN,WR,36,3.6,0.1,0
2026,3,Daniel Bellinger,TEN,TE,36,14.4,0.4,0
2026,3,David Martin-Robinson,TEN,TE,36,1.1,0.03,0
2026,3,Elic Ayomanor,TEN,WR,36,28.8,0.8,0
2026,3,Gunnar Helm,TEN,TE,36,29.5,0.82,0
2026,3,Julius Chestnut,TEN,RB,36,0.0,0.0,0
2026,3,Nicholas Singleton,TEN,RB,36,0.0,0.0,0
2026,3,Tony Pollard,TEN,RB,36,19.1,0.53,0
2026,3,Tyjae Spears,TEN,RB,36,16.9,0.47,0
2026,3,Wan'Dale Robinson,TEN,WR,36,22.7,0.63,0
2026,3,Antonio Williams,WAS,WR,35,14.3,0.41,0
2026,3,Ben Sinnott,WAS,TE,35,17.1,0.49,0
2026,3,Colson Yankoff,WAS,TE,35,16.1,0.46,0
2026,3,Dyami Brown,WAS,WR,35,10.5,0.3,0
2026,3,Jacory Croskey-Merritt,WAS,RB,35,19.9,0.57,0
2026,3,Jaylin Lane,WAS,WR,35,2.5,0.07,0
2026,3,John Bates,WAS,TE,35,18.9,0.54,0
2026,3,Kaytron Allen,WAS,RB,35,0.0,0.0,0
2026,3,Luke McCaffrey,WAS,WR,35,0.0,0.0,0
2026,3,Marcus Mariota,WAS,QB,35,35.0,1.0,0
2026,3,Rachaad White,WAS,RB,35,15.0,0.43,0
2026,3,Stefon Diggs,WAS,WR,35,20.6,0.59,0
2026,3,Terry McLaurin,WAS,WR,35,26.2,0.75,0
2026,3,Treylon Burks,WAS,WR,35,12.6,0.36,0
