article_id,source,headline,description,published,web_url,athlete_ids,team_ids,pulled_at
nfl641453,rotowire_rss,DJ Moore: No practice Thursday,"Moore (shoulder) didn't practice Thursday.

        Visit RotoWire.com for more analysis on this update.","Thu, 08 Oct 2026 5:05:00 PM PDT",https://www.rotowire.com//football/player/dj-moore-12477,,,2026-10-09T02:55:26Z
nfl641417,rotowire_rss,Jeremiyah Love: Limited again Thursday,"Love (ankle) stayed limited at Thursday's practice, Tyler Drake of ArizonaSports.com reports.

        Visit RotoWire.com for more analysis on this update.","Thu, 08 Oct 2026 3:57:00 PM PDT",https://www.rotowire.com//football/player/jeremiyah-love-19235,,,2026-10-09T02:55:26Z
nfl641416,rotowire_rss,Joey Porter: Won't play in Week 5,"Porter has been ruled out for Thursday's game against the Buccaneers due to an illness, Todd Archer of ESPN.com reports.

        Visit RotoWire.com for more analysis on this update.","Thu, 08 Oct 2026 3:45:00 PM PDT",https://www.rotowire.com//football/player/joey-porter-16896,,,2026-10-09T02:55:26Z
nfl641415,rotowire_rss,Mike Evans: Officially DNP on Thursday,"Evans (ribs) didn't practice Thursday, but he was able to run on a side field during the open portion of the session, Cam Inman of The San Jose Mercury News reports.

        Visit RotoWire.com for more analysis on this update.","Thu, 08 Oct 2026 3:39:00 PM PDT",https://www.rotowire.com//football/player/mike-evans-9253,,,2026-10-09T02:55:26Z
nfl641413,rotowire_rss,Quentin Johnston: Remains limited Thursday,"Johnston (chest) was a limited participant at Thursday's practice.

        Visit RotoWire.com for more analysis on this update.","Thu, 08 Oct 2026 3:31:00 PM PDT",https://www.rotowire.com//football/player/quentin-johnston-16899,,,2026-10-09T02:55:26Z
307b43f7-a519-4a0d-9ea2-2f70e7b07b8b,cbs_rss,"NFL Week 5 picks: Experts face off on 49ers at Seahawks, Falcons vs. Ravens and more",CBS Sports writers Jordan Dajani and Jared Dubin predict this weekend's top games,"Fri, 09 Oct 2026 01:16:59 +0000",https://www.cbssports.com/nfl/news/nfl-week-5-picks-buccaneers-at-cowboys-49ers-at-seahawks/,,,2026-10-09T02:55:27Z
ab2d2cff-6382-4e9c-b60d-ee8328fa5a99,cbs_rss,"Prisco's Week 5 NFL picks: Packers upset Bears, Rams edge Bills on 'MNF'","Pete Prisco reveals all of his Week 5 picks, including the Texans getting their first win and the Jets over the Browns","Fri, 09 Oct 2026 01:13:51 +0000",https://www.cbssports.com/nfl/news/pete-priscos-week-5-nfl-picks-odds/,,,2026-10-09T02:55:27Z
a32fbb5a-6c79-467d-ab95-c5fb22116037,cbs_rss,"Ranking all 32 NFL teams into tiers: 49ers among the elite, but some teams not as good as they seem","Plus, the Rams still sit among the NFL's best despite slow start, and two squads sit at the very bottom of the barrel","Fri, 09 Oct 2026 00:56:04 +0000",https://www.cbssports.com/nfl/news/ranking-all-32-nfl-teams-into-tiers-49ers-rams-miami/,,,2026-10-09T02:55:27Z
011daaa7-bb43-4e07-8a1e-3e5cdd177dc1,cbs_rss,Joey Porter Jr. ruled out of Cowboys' Thursday night showdown with Buccaneers,Porter was unable to play in his second game with Dallas after being traded from Pittsburgh,"Thu, 08 Oct 2026 23:51:26 +0000",https://www.cbssports.com/nfl/news/joey-porter-jr-ruled-out-cowboys-buccaneers/,,,2026-10-09T02:55:27Z
2d5a6ac9-01fa-4857-9912-f64ab2c31eba,cbs_rss,Use FanDuel promo code to get $250 bonus bets by targeting Cowboys vs. Buccaneers on Thursday Night Football,Sign up and bet with the latest FanDuel promo code on Thursday to get your bonus bets,"Thu, 08 Oct 2026 23:23:48 +0000",https://www.cbssports.com/betting/news/use-fanduel-promo-code-to-get-250-bonus-bets-by-targeting-cowboys-vs-buccaneers-on-thursday-night-football/,,,2026-10-09T02:55:27Z
79f1d683-73f8-4d33-9e0b-3014afae74a2,cbs_rss,Use FanDuel promo code to claim $250 bonus bets by targeting Buccaneers vs. Cowboys on Thursday Night Football,Sign up and bet on Thursday's Bucs vs. Cowboys TNF matchup with the latest FanDuel promo code to get bonus bets,"Thu, 08 Oct 2026 23:22:25 +0000",https://www.cbssports.com/betting/news/use-fanduel-promo-code-to-claim-250-bonus-bets-buccaneers-cowboys-thursday-night-football/,,,2026-10-09T02:55:27Z
a5cb979a-5852-4c52-93bd-37b727e877a9,cbs_rss,Bengals' Jordan Battle reveals subtle Malik Willis tell ahead of Week 5 matchup against Dolphins,Cincinnati might have a leg up on Miami thanks to this scouting revelation,"Thu, 08 Oct 2026 23:13:05 +0000",https://www.cbssports.com/nfl/news/bengals-jordan-battle-reveals-subtle-malik-willis-tell-dolphins/,,,2026-10-09T02:55:27Z
d1386e51-c8b0-4673-b176-7687da4ebd23,cbs_rss,"Cowboys vs. Buccaneers odds, predictions, spread, betting preview: Thursday Night Football picks, best bets",Best bets and betting preview for Buccaneers vs. Cowboys on Thursday Night Football,"Thu, 08 Oct 2026 23:10:45 +0000",https://www.cbssports.com/betting/news/cowboys-vs-buccaneers-odds-predictions-spread-betting-preview-thursday-night-football-picks-best-bets/,,,2026-10-09T02:55:27Z
13327d85-bd9c-4474-87e7-73205fee162d,cbs_rss,"Week 5 NFL betting promos: Get over $3,000 in bonuses from top online betting apps, sportsbooks","Top Week 5 NFL betting apps include DraftKings, FanDuel, BetMGM, bet365, Caesars, Fanatics Sportsbook and Hard Rock Bet","Thu, 08 Oct 2026 22:51:45 +0000",https://www.cbssports.com/betting/news/week-5-nfl-betting-promos-get-over-3000-in-bonuses-from-top-online-betting-apps-sportsbooks/,,,2026-10-09T02:55:27Z
699c462e-075d-45c8-8cd1-26bfeb5ad43c,cbs_rss,"Cowboys vs. Buccaneers odds, picks, prediction: Best bets, player props for Thursday Night Football NFL Week 5","Back the Over in Arlington as Dak Prescott faces a winless Tampa Bay squad, plus lock in player props and anytime touchdown picks for Thursday night","Thu, 08 Oct 2026 22:30:50 +0000",https://www.cbssports.com/betting/news/cowboys-vs-buccaneers-odds-picks-prediction-best-bets-player-props-for-thursday-night-football-nfl-week-5/,,,2026-10-09T02:55:27Z
8d0f1657-e33a-4bd6-9f69-2a087a24b262,cbs_rss,The hidden impact of George Pickens: How Cowboys WR is helping unlock CeeDee Lamb,"Pickens may not be leading the box score, but his ability to draw coverage and create explosive plays has become a key ingredient in Dallas' offensive success","Thu, 08 Oct 2026 21:49:48 +0000",https://www.cbssports.com/nfl/news/george-pickens-stats-cowboys-wr-ceedee-lamb/,,,2026-10-09T02:55:27Z
6180c2ab-928c-47c7-a345-2bc21ab9532a,cbs_rss,Cowboys vs. Buccaneers prediction: Can Tampa Bay slow down CeeDee Lamb and high-powered Dallas offense?,Dallas brings a historically efficient scoring attack into Thursday night against an 0-4 Tampa Bay squad turning to rookie quarterback Jalon Daniels,"Thu, 08 Oct 2026 21:25:40 +0000",https://www.cbssports.com/nfl/news/cowboys-vs-buccaneers-prediction-where-to-watch-tnf/,,,2026-10-09T02:55:27Z
0582b617-8945-409a-abb7-c960a90d02d6,cbs_rss,Cowboys should be afraid of this one nightmare stat heading into Week 5 Thursday night game with Buccaneers,"Everything appears to favor Dallas on Thursday night, but the Buccaneers fit the profile of a desperate winless team that has historically been primed for a breakthrough","Thu, 08 Oct 2026 20:13:35 +0000",https://www.cbssports.com/nfl/news/cowboys-buccaneers-upset-prediction-nfl-2026/,,,2026-10-09T02:55:27Z
ebbb7d33-c605-4b63-8630-707399ee6c42,cbs_rss,"CFL odds, picks, predictions: Week 19 best bets from expert include Saskatchewan vs. Montreal",SportsLine football expert Emory Hunt gives out his best bets for Week 19 of the 2026 CFL season,"Thu, 08 Oct 2026 20:06:11 +0000",https://www.cbssports.com/betting/news/cfl-odds-picks-predictions-week-19-best-bets-from-expert-include-saskatchewan-vs-montreal/,,,2026-10-09T02:55:27Z
65679394-510f-4eb8-95a7-d9348eb1b63c,cbs_rss,"Today's top games to watch, best bets, odds: Buccaneers at Cowboys, Guardians vs. White Sox Game 4 and more",Find best bets and props for the biggest games in sports on Thursday from the SportsLine Projection Model and top CBS Sports experts,"Thu, 08 Oct 2026 19:30:49 +0000",https://www.cbssports.com/betting/news/todays-top-games-to-watch-best-bets-odds-buccaneers-at-cowboys-guardians-vs-white-sox-game-4-and-more/,,,2026-10-09T02:55:27Z
d9a7ef36-4b70-4b7a-b0f2-0a8adc64a39c,cbs_rss,"It wouldn't shock me IF ... NFL Week 5: Nick Sirianni's seat heats up, Sean Payton takes back playcalling",Could the 49ers plant their flag as the Super Bowl favorites? Will Jacoby Brissett be the latest QB to light up the Lions?,"Thu, 08 Oct 2026 17:48:57 +0000",https://www.cbssports.com/nfl/news/it-wouldnt-shock-me-if-nfl-week-5-nick-siriannis-sean-payton/,,,2026-10-09T02:55:27Z
c97cb7a1-4aeb-45df-a476-ca08b25f4902,cbs_rss,Broncos experiment ends in failure: Sean Payton to reclaim play-calling duties after just four weeks,The Broncos are making a significant adjustment as Payton looks to jump-start a struggling attack,"Thu, 08 Oct 2026 20:42:40 +0000",https://www.cbssports.com/nfl/news/sean-payton-broncos-play-calling-duties-davis-webb/,,,2026-10-09T02:55:27Z
7f1c7e48-5fd4-4835-8c5c-5e0e357911e3,cbs_rss,"Pick Six: Buccaneers-Cowboys predictions for Thursday night, plus NFL Week 5 picks and trade possibilities",Here's everything you need to know about the NFL for Oct. 8,"Thu, 08 Oct 2026 16:12:05 +0000",https://www.cbssports.com/nfl/news/pick-six-buccaneers-cowboys-predictions-nfl-week-5-picks-trades/,,,2026-10-09T02:55:27Z
e1fbe425-db98-4c81-87cb-e38e63a4ba1a,cbs_rss,"Week 5 NFL score predictions, odds, picks, betting advice: Proven model locks in projections for every game",Make NFL best bets at NFL betting sites by seeing NFL score predictions from our advanced model,"Thu, 08 Oct 2026 15:55:28 +0000",https://www.cbssports.com/betting/news/week-5-nfl-score-predictions-odds-picks-betting-advice-proven-model-locks-in-projections-for-every-game/,,,2026-10-09T02:55:27Z
9ba10575-2669-4d74-8247-84d7786016ef,cbs_rss,"Buccaneers vs. Cowboys odds, picks: Surprising first touchdown predictions for Thursday Night Football",We'll go over the prediction markets at Kalshi for the first touchdown scorer in Bucs vs. Cowboys on TNF,"Thu, 08 Oct 2026 22:45:43 +0000",https://www.cbssports.com/prediction/news/buccaneers-vs-cowboys-odds-picks-first-touchdown-predictions-thursday-night-football/,,,2026-10-09T02:55:27Z
602a112b-13a6-4000-b309-534c0118d9cf,cbs_rss,Is Justin Herbert 'elite'? He is NOT even one of the 10 best quarterbacks in the NFL,"Upon further review, Herbert's top-10 QB credentials should be revoked","Fri, 09 Oct 2026 00:41:27 +0000",https://www.cbssports.com/nfl/news/justin-herbert-is-not-even-one-of-the-10-best-quarterbacks-nfl/,,,2026-10-09T02:55:27Z
6ff121af-9e58-4475-850a-49ab2bc07f0d,cbs_rss,Cowboys get boost as Tyler Smith returns from injury for Week 5 showdown,"The Cowboys survived without Smith, but his return gives Dallas a boost against Tampa","Thu, 08 Oct 2026 16:37:28 +0000",https://www.cbssports.com/nfl/news/tyler-smith-injury-return-cowboys-buccaneers/,,,2026-10-09T02:55:27Z
46b6575c-d524-4a42-832c-6a0bdb80fe33,cbs_rss,"Would a Marvin Harrison Jr. trade unlock his potential? History offers hope, and a warning","Harrison has just five catches through four games. Here's what his trade value could look like, what history says about a fresh start and three teams that could make a move","Thu, 08 Oct 2026 14:25:46 +0000",https://www.cbssports.com/nfl/news/history-offers-hope-warning-for-marvin-harrison-jr-trade/,,,2026-10-09T02:55:27Z
aa0d26bb-bc48-4b26-8d4c-1cfc6e68e8e0,cbs_rss,"How to bet on 2026 NFL Week 5: Betting odds, game previews, schedule, tips, trends, sportsbook promos, offers","Our NFL betting guide tells you where to bet on NFL Week 5, while providing odds, betting trends, schedule, promo offers, and more","Thu, 08 Oct 2026 14:19:24 +0000",https://www.cbssports.com/nfl/news/how-to-bet-on-2026-nfl-week-5-betting-odds-game-previews-schedule-tips-trends-sportsbook-promos-offers/,,,2026-10-09T02:55:27Z
51e3122e-7923-4243-8f66-bf122175fa9c,cbs_rss,Revamped defense plus Kenneth Walker III: How the Chiefs re-established themselves as a Super Bowl contender,"Kenneth Walker III's league-leading ground game and Steve Spagnuolo's revamped, pressure-heavy defense are taking the burden off Patrick Mahomes","Thu, 08 Oct 2026 14:02:19 +0000",https://www.cbssports.com/nfl/news/how-chiefs-re-established-super-bowl-contender-mahomes-walker/,,,2026-10-09T02:55:27Z
5dc62677-61bc-4b14-a445-1f4aa0e7c376,cbs_rss,"NFL trade deadline: 10 candidates who could be on the move and teams that could be buyers, sellers","Big-name pass rushers and struggling former first-round wideouts could be on the trading block. Plus, potential landing spots for top targets ahead of the Nov. 10 deadline","Thu, 08 Oct 2026 13:30:33 +0000",https://www.cbssports.com/nfl/news/nfl-trade-deadline-10-candidates-marvin-harrison-cardinals-chargers/,,,2026-10-09T02:55:27Z
652ded7c-81de-42da-931c-a1bf9cf4f7aa,cbs_rss,"Week 5 NFL odds, picks, predictions: Computer model backs Vikings and Bengals","SportsLine's advanced model has simulated every game in the Week 5 NFL schedule 10,000 times and locked in its NFL best bets today","Thu, 08 Oct 2026 13:17:27 +0000",https://www.cbssports.com/betting/news/week-5-2026-nfl-odds-picks-predictions-lines-best-bets/,,,2026-10-09T02:55:27Z
9c1035e8-816a-4d57-9275-12303635a58f,cbs_rss,Rays sweep Yankees; Dodgers head to NLCS; Does Cam Jurgens trade signal more changes for Eagles?,"Plus, game-by-game picks for NFL Week 5 slate","Thu, 08 Oct 2026 13:00:17 +0000",https://www.cbssports.com/mlb/news/rays-sweep-yankees-dodgers-head-to-nlcs-does-cam-jurgens-trade-signal-more-changes-for-eagles/,,,2026-10-09T02:55:27Z
7b2a2692-b490-423c-bd66-ae49b40e3e00,cbs_rss,"Week 5 NFL odds, spreads, totals, betting lines, for all 16 games, including Buccaneers-Cowboys, Bears-Packers","The Week 5 NFL schedule is here, featuring pivotal matchups like Cowboys vs. Buccaneers, 49ers vs. Seahawks and Bills vs. Rams","Thu, 08 Oct 2026 11:50:37 +0000",https://www.cbssports.com/betting/news/week-5-nfl-betting-odds-lines-spreads-totals/,,,2026-10-09T02:55:27Z
9008d32b-92b4-4d4a-8fad-5565f29b5993,cbs_rss,"Super Bowl stock report for NFL Week 5: Jaguars enter peak form, Eagles trend toward rebuild",We assess the NFL title race after Week 4 and identify three upcoming games that could reshape the Super Bowl picture,"Thu, 08 Oct 2026 11:00:49 +0000",https://www.cbssports.com/nfl/news/super-bowl-odds-stock-report-nfl-week-5/,,,2026-10-09T02:55:27Z
b1795875-e1a2-4b1b-a092-475ba0402e75,cbs_rss,"NFL Week 5 upset alert: Why these five favorites could easily lose, including the Patriots","After accurately identifying three major upsets last week, we examine five more for Week 5","Thu, 08 Oct 2026 21:45:34 +0000",https://www.cbssports.com/nfl/news/nfl-week-5-upset-alert-why-five-favorites-could-lose-patriots/,,,2026-10-09T02:55:27Z
b17d21b2-d960-43e4-b44a-ef4f28bc1c33,cbs_rss,"NFL Week 5 injury report: Lamar Jackson, Ja'Marr Chase among several stars uncertain for Sunday",Commanders' Jayden Daniels logged a full practice on Wednesday and could return,"Thu, 08 Oct 2026 00:46:38 +0000",https://www.cbssports.com/nfl/news/nfl-week-5-injury-report-lamar-jackson-jamarr-chase/,,,2026-10-09T02:55:27Z
f1437ae7-084e-477b-8686-212a9be56f7b,cbs_rss,"NFL player props, Falcons vs. Ravens odds: Brian Robinson scored 3 touchdowns last week. He's +12500 to repeat",Brian Robinson of the Falcons is +15000 to score three times against the Ravens on Sunday Night Football,"Wed, 07 Oct 2026 22:29:02 +0000",https://www.cbssports.com/betting/news/nfl-player-props-falcons-vs-ravens-odds-brian-robinson-scored-3-touchdowns-last-week-hes-12500-to-repeat/,,,2026-10-09T02:55:27Z
7a87721f-74c9-4ef7-b3ed-ff0d9a8cb475,cbs_rss,Full list of 2026 NFL bye weeks for all 32 teams,Here are every team's NFL bye weeks all in one place so you can plan your fantasy lineups and game days.,"Wed, 07 Oct 2026 21:32:42 +0000",https://www.cbssports.com/nfl/news/nfl-bye-weeks-2026/,,,2026-10-09T02:55:27Z
f04b73b3-70c9-42ca-a759-d2adad4a15bd,cbs_rss,"NFL, NFLPA clarify celebration penalties, say imitating drinking won't be penalty or subject to fine",Kyle Juszczyk and Jake Ferguson had their fines rescinded Wednesday,"Wed, 07 Oct 2026 21:20:09 +0000",https://www.cbssports.com/nfl/news/nfl-nflpa-clarify-celebration-penalties-fines/,,,2026-10-09T02:55:27Z
5d6cf73e-f0cd-452b-89b5-ee8509de207c,cbs_rss,DeMeco Ryans taking over defensive play-calling duties from Matt Burke as Texans try to climb out of 0-4 hole,Burke had called plays since early last season,"Wed, 07 Oct 2026 20:55:34 +0000",https://www.cbssports.com/nfl/news/texans-demeco-ryans-defensive-play-calling-duties-matt-burke/,,,2026-10-09T02:55:27Z
d0142d46-c179-4f5c-aecc-77eae17e8d5d,yahoo_rss,"Buccaneers vs. Cowboys live updates, inactives, news: Joey Porter Jr. a late scratch; Dak Prescott, CeeDee Lamb host rookie QB Jalon Daniels & Co. on &#39;Thursday Night Football&#39;",The Buccaneers head into Dallas with a 0-4 record.,"Thu, 08 Oct 2026 22:45:00 +0000",https://sports.yahoo.com/nfl/live/buccaneers-cowboys-score-live-updates-inactives-highlights-stats-where-to-watch-week-5-thursday-night-football-224500349.html,,,2026-10-09T02:55:27Z
d432f9bc-a1d9-31da-ae19-f06afa713474,yahoo_rss,Marvin Harrison Jr. says he is paying trade rumors &quot;no mind&quot;,"The NFL trade deadline is still a month away, but Cardinals wide receiver Marvin Harrison Jr. is one of the NFL players who could find a new home in the coming weeks.","Fri, 09 Oct 2026 02:26:53 +0000",https://sports.yahoo.com/articles/marvin-harrison-jr-says-paying-022653540.html,,,2026-10-09T02:55:27Z
c47c787a-fb65-3fdd-a604-0dd32a013d95,yahoo_rss,Jaxon Smith-Njigba back at practice,Seahawks WR Jaxon Smith-Njigba fully participates in practice,"Fri, 09 Oct 2026 02:18:55 +0000",https://sports.yahoo.com/articles/jaxon-smith-njigba-back-practice-021855445.html,,,2026-10-09T02:55:27Z
34125026-655e-3463-95f1-3a8799c499ea,yahoo_rss,Browns vs. Jets Week 5 picks: A 50/50 split,"The DBN staff predicts the Week 5 games, plus the national media make their predictions for Browns vs. Jets.","Fri, 09 Oct 2026 02:11:30 +0000",https://sports.yahoo.com/articles/browns-vs-jets-week-5-021130138.html,,,2026-10-09T02:55:27Z
2c1beea0-aae0-3400-a7b9-e7dd6c1465ce,yahoo_rss,Falcons vs. Ravens injury report: Jake Matthews dealing with groin issue,"A new week is underway, as the Atlanta Falcons and Baltimore Ravens prepare to face off on Sunday evening. The Falcons have now won back-to-back primetime games, and they look to make it a third. For that, they’re going to need some of their currently banged up players to get healthy. Let’s take a look! […]","Fri, 09 Oct 2026 02:06:03 +0000",https://sports.yahoo.com/articles/falcons-vs-ravens-injury-report-020603094.html,,,2026-10-09T02:55:27Z
66d8f063-ad7d-3dd7-9fdf-3590fe3cac61,yahoo_rss,Bucs need only two plays to take the second-half lead,"The Bucs&#39; first possession of Thursday night&#39;s game was a 15-play, 73-yard touchdown drive that ate 10:58 off the clock.","Fri, 09 Oct 2026 02:02:45 +0000",https://sports.yahoo.com/articles/bucs-only-two-plays-second-020245193.html,,,2026-10-09T02:55:27Z
ab4d0772-bb65-37e9-8fcc-2ae27a0c7d43,yahoo_rss,Thursday Night Football: Cowboys lead Bucs 10-7 at halftime,The Bucs have outgained the Cowboys 155 to 146 yards.,"Fri, 09 Oct 2026 01:47:49 +0000",https://sports.yahoo.com/articles/thursday-night-football-cowboys-lead-014749371.html,,,2026-10-09T02:55:27Z
792e6c00-0230-492d-9c2b-e4c829019cf5,yahoo_rss,&#39;Football 301&#39; on 49ers vs. Seahawks: Brock Purdy and his offensive machine face their biggest test,How will the chess match between Kyle Shanahan&#39;s 49ers offense and Mike Macdonald&#39;s Seahawks defense play out in this titanic early-season tilt?,"Fri, 09 Oct 2026 01:24:49 +0000",https://sports.yahoo.com/nfl/article/football-301-on-49ers-vs-seahawks-brock-purdy-and-his-offensive-machine-face-their-biggest-test-012449853.html,,,2026-10-09T02:55:27Z
a63e7049-9c6a-391d-baaf-c77efcccc7dd,yahoo_rss,Still waiting on Myles Garrett? Byron Young is giving the Rams an elite pass rush already,Rams’ Byron Young is having his best career season even while Myles Garrett is out,"Fri, 09 Oct 2026 01:15:42 +0000",https://sports.yahoo.com/articles/byron-young-elite-season-without-011542373.html,,,2026-10-09T02:55:27Z
cb714a9d-b191-39fd-a4c8-fd623eabea82,yahoo_rss,Bucs score on first drive to tie Cowboys 7-7,The Buccaneers&#39; opening drive was as impressive as the Cowboys&#39;.,"Fri, 09 Oct 2026 00:53:15 +0000",https://sports.yahoo.com/articles/bucs-score-first-drive-tie-005315786.html,,,2026-10-09T02:55:27Z
2fc881b0-8e0d-3233-88a2-f3aa3c3877d6,yahoo_rss,Cardinals work out four defensive backs,Defensive safety group is having issues,"Fri, 09 Oct 2026 00:44:35 +0000",https://sports.yahoo.com/articles/cardinals-four-defensive-backs-004435038.html,,,2026-10-09T02:55:27Z
f331288f-6717-32d1-bf52-c3e0d50f2015,yahoo_rss,What signing Mike Brown to the 53-man roster means for the Patriots,The Patriots promoted the safety and special teamer from the practice squad on Thursday.,"Fri, 09 Oct 2026 00:40:15 +0000",https://sports.yahoo.com/articles/signing-mike-brown-53-man-004015173.html,,,2026-10-09T02:55:27Z
45be7832-e22e-3b0a-ae0a-3ece047e1609,yahoo_rss,Cowboys take 7-0 lead on opening drive,The Cowboys have been virtually unstoppable in the red zone this season.,"Fri, 09 Oct 2026 00:32:05 +0000",https://sports.yahoo.com/articles/cowboys-7-0-lead-opening-003205233.html,,,2026-10-09T02:55:27Z
087d8f4f-da5f-3e43-ac33-e7c035cee4f9,yahoo_rss,Richard Sherman spreads wild Joey Porter Jr. illness theory on TNF,"Former NFL star Richard Sherman questioned the reason Joey Porter Jr., who was ruled out with illness, would not play for the Cowboys.","Fri, 09 Oct 2026 00:16:22 +0000",https://sports.yahoo.com/articles/richard-sherman-spreads-wild-joey-001622809.html,,,2026-10-09T02:55:27Z
0b39aa93-662f-3d4a-b341-27ea5bce3a66,yahoo_rss,Buccaneers at Cowboys Open Thread!,Talk TNF with us here!,"Fri, 09 Oct 2026 00:11:00 +0000",https://sports.yahoo.com/articles/buccaneers-cowboys-open-thread-001100678.html,,,2026-10-09T02:55:27Z
573c3795-6e92-36d0-b4bd-2ab80a03e0ba,yahoo_rss,Bills Thursday injury report: Christian Benford returns,Here’s the first injury report of Week 5,"Fri, 09 Oct 2026 00:09:52 +0000",https://sports.yahoo.com/articles/bills-thursday-injury-report-christian-000952202.html,,,2026-10-09T02:55:27Z
7eb9bc3d-d0cd-3935-94de-4ba00a581f86,yahoo_rss,Cowboys-Bucs live discussion: An MVP candidate versus a rookie quarterback,The Cowboys take on the Bucs on Thursday night football,"Fri, 09 Oct 2026 00:05:00 +0000",https://sports.yahoo.com/articles/cowboys-bucs-live-discussion-mvp-000500006.html,,,2026-10-09T02:55:27Z
1e36f00a-238c-38da-af50-a4bbec2992ea,yahoo_rss,"LIVE chat: Dallas Cowboys vs. Tampa Bay Buccaneers, ‘TNF’ Week 5",The Dallas Cowboys face the Tampa Bay Buccaneers under lights of Thursday Night Football in Week 5,"Fri, 09 Oct 2026 00:04:06 +0000",https://sports.yahoo.com/articles/live-chat-dallas-cowboys-vs-000406986.html,,,2026-10-09T02:55:27Z
23eb0e28-51cc-3824-bfc2-efe7cc258683,yahoo_rss,Thursday Night Football: Tampa Bay Buccaneers @ Dallas Cowboys,Thursday Night Football!,"Fri, 09 Oct 2026 00:00:00 +0000",https://sports.yahoo.com/articles/thursday-night-football-tampa-bay-000000187.html,,,2026-10-09T02:55:27Z
6bf9cbdb-2f1c-33dc-976b-ef9b2cb325db,yahoo_rss,Miami Dolphins Discussion: Week 5 Game Vs Cincinnati Bengals Predictions Edition,Miami Dolphins fans share their predictions for tomorrows game versus the Cincinnati Bengals.,"Fri, 09 Oct 2026 00:00:00 +0000",https://sports.yahoo.com/articles/miami-dolphins-discussion-week-5-000000955.html,,,2026-10-09T02:55:27Z
8e47b180-253c-3583-a4c4-8142355f3252,yahoo_rss,BTSC Thursday Night Football game thread: Buccaneers at Cowboys,Chat about the NFL’s Week 5 kickoff here at Behind the Steel Curtain.,"Fri, 09 Oct 2026 00:00:00 +0000",https://sports.yahoo.com/articles/btsc-thursday-night-football-game-000000634.html,,,2026-10-09T02:55:27Z
8283f14b-cd1c-4792-a4f5-92b5cc8abd29,yahoo_rss,"Week 5 Yahoo Fantasy x Arena Club Slab Packs: Joe Burrow, CeeDee Lamb among chase cards","Loaded with top performers and fantasy stars, the Yahoo Fantasy x Arena Club Slab packs will be available each week during the regular season for collectors and fans to digitally rip.","Thu, 08 Oct 2026 23:59:43 +0000",https://sports.yahoo.com/fantasy/article/week-5-yahoo-fantasy-x-arena-club-slab-packs-joe-burrow-ceedee-lamb-among-chase-cards-235943825.html,,,2026-10-09T02:55:27Z
cad4c025-8ecb-3311-8566-17e889f25d81,yahoo_rss,Buccaneers at Cowboys: Game chat for Thursday Night Football,The Tampa Bay Buccaneers are in Dallas to take on the Cowboys for some Thursday Night Football action. The Bucs will have edge rusher Rueben Bain Jr. back in the lineup after missing the past couple weeks with a groin injury. They will be without quarterback Backer Mayfield again as he is still recovering from a dislocated […],"Thu, 08 Oct 2026 23:57:00 +0000",https://sports.yahoo.com/articles/buccaneers-cowboys-game-chat-thursday-235700017.html,,,2026-10-09T02:55:27Z
07cdeef0-89e4-3e47-ade7-9d6e234f9dc3,yahoo_rss,Seahawks fan chat: Cowboys host winless Buccaneers on ‘Thursday Night Football’,"The Cowboys can get above .500 for the first time this season, while the Buccaneers are in desperate need of a win.","Thu, 08 Oct 2026 23:45:00 +0000",https://sports.yahoo.com/articles/seahawks-fan-chat-cowboys-host-234500995.html,,,2026-10-09T02:55:27Z
27a07038-4edc-39d7-8e8e-f5698e382002,yahoo_rss,Join our Cowboys discussion,Our live thread for today’s Dallas Cowboys game is open.,"Thu, 08 Oct 2026 23:45:00 +0000",https://sports.yahoo.com/articles/join-cowboys-discussion-234500778.html,,,2026-10-09T02:55:27Z
d20e676b-c584-344e-a0b1-916a3ea2bd46,yahoo_rss,Thursday Night Football: Cowboys vs. Buccaneers,Watch this week’s TNF game here!,"Thu, 08 Oct 2026 23:45:00 +0000",https://sports.yahoo.com/articles/thursday-night-football-cowboys-vs-234500854.html,,,2026-10-09T02:55:27Z
e9215ae8-bcb2-3808-b2c7-87ca5b9df89f,yahoo_rss,Chargers Injury Report: Starters galore litter Thursday’s report,Derwin James and Ladd McConkey were once again non-participants in Thursday’s practice.,"Thu, 08 Oct 2026 23:39:58 +0000",https://sports.yahoo.com/articles/chargers-injury-report-starters-galore-233958687.html,,,2026-10-09T02:55:27Z
59daa58e-db3b-34b9-9b94-a2a15e6a6703,yahoo_rss,"Browns, Jets Week 5 injury report: New concerns for CLE on Thursday","On the second day of Week 5 practice, Browns added some injuries, while the Jets are without Breece Hall, AD Mitchell","Thu, 08 Oct 2026 23:31:53 +0000",https://sports.yahoo.com/articles/browns-jets-week-5-injury-233153371.html,,,2026-10-09T02:55:27Z
4b202397-24e9-3c44-971b-4b871d64217e,yahoo_rss,Sean Payton takes over play-calling duties on offense for the Broncos,"In the NFL, experience matters — especially at the coaching level. Few offensive minds have more experience calling plays in the NFL than Denver Broncos head coach Sean Payton. Which is why it came as a surprise that he gave up that job after promoting Davis Webb to offensive coordinator. Unfortunately, Webb has faced a […]","Thu, 08 Oct 2026 23:30:00 +0000",https://sports.yahoo.com/articles/sean-payton-takes-over-play-233000886.html,,,2026-10-09T02:55:27Z
b7e49991-fa89-3812-92f7-d5cdeaf7437f,yahoo_rss,Buccaneers at Cowboys: Inactives for Thursday Night Football,"The Tampa Bay Buccaneers and Dallas Cowboys have released their inactive lists ahead of tonight’s Thursday Night Football matchup at AT&T Stadium. For Tampa Bay, there are no surprises among the players dealing with injuries. Quarterback Baker Mayfield, safety Antoine Winfield Jr., linebacker SirVocea Dennis and cornerback Benjamin Morrison were all ruled out on Wednesday […]","Thu, 08 Oct 2026 23:28:58 +0000",https://sports.yahoo.com/articles/buccaneers-cowboys-inactives-thursday-night-232858511.html,,,2026-10-09T02:55:27Z
37b0ee65-39bc-3480-90ad-ad12a8fd2c5f,yahoo_rss,"TNF expert picks, predictions: Buccaneers at Cowboys",Check out our NFL Week 5 expert picks for Buccaneers vs. Cowboys on “Thursday Night Football.”,"Thu, 08 Oct 2026 23:25:08 +0000",https://sports.yahoo.com/articles/tnf-expert-picks-predictions-buccaneers-232508743.html,,,2026-10-09T02:55:27Z
3507e7fc-335f-3b6d-8d26-af90bdef3f2d,yahoo_rss,Rams fans want another trade. What does Les Snead have left to spend?,"With cap space and draft picks running low, Les Snead may have little room to improve the Rams at the trade deadline.","Thu, 08 Oct 2026 23:21:55 +0000",https://sports.yahoo.com/articles/rams-fans-want-another-trade-232155781.html,,,2026-10-09T02:55:27Z
9c0a06bb-dcab-3daf-9d92-a0b00fb54fb9,yahoo_rss,"Odds, winner picks for Bengals vs. Dolphins, full Week 5 schedule",Our Week 5 predictions are here. Join our season-long picks pool.,"Thu, 08 Oct 2026 23:21:54 +0000",https://sports.yahoo.com/articles/odds-winner-picks-bengals-vs-232154065.html,,,2026-10-09T02:55:27Z
54d7afbe-5a82-3ff4-9ab4-b9c7a183dc27,yahoo_rss,Broncos vs. Chargers practice report: Thursday,The Denver Broncos are getting healthier while the Los Angeles Chargers seem to be getting a bit worse on theirs. Denver welcomed back both edge rusher Dondrea Tillman and tight end Adam Trautman as full participants in practice today. While we expect wide receiver Pat Bryant and cornerback Pat Surtain II to be out for […],"Thu, 08 Oct 2026 23:16:18 +0000",https://sports.yahoo.com/articles/broncos-vs-chargers-practice-report-231618775.html,,,2026-10-09T02:55:27Z
1eadea3b-ddc2-38b5-8066-430faf8d0084,yahoo_rss,Cleveland Browns keep adjusting on defense and finding success,DC Mike Rutenberg is mixing up coverages and working to his players’ strengths after a disastrous Week 1 performance.,"Thu, 08 Oct 2026 23:14:23 +0000",https://sports.yahoo.com/articles/cleveland-browns-keep-adjusting-defense-231423108.html,,,2026-10-09T02:55:27Z
15815e02-b61a-3723-a315-38cb10201fa4,yahoo_rss,49ers WR Mike Evans did not practice Thursday,49ers wide receiver Mike Evans did not practice on Thursday after being a limited participant a day earlier.,"Thu, 08 Oct 2026 23:13:59 +0000",https://sports.yahoo.com/articles/49ers-wr-mike-evans-did-231359860.html,,,2026-10-09T02:55:27Z
49a215a4-1e3f-39a4-b053-a4007e6a6c4e,yahoo_rss,Breaking: Joey Porter Jr. out for Thursday night,The Cowboys have a surprise player sitting out tonight,"Thu, 08 Oct 2026 23:12:53 +0000",https://sports.yahoo.com/articles/breaking-joey-porter-jr-thursday-231253710.html,,,2026-10-09T02:55:27Z
365b9095-7901-3efd-9315-20d9bc774406,yahoo_rss,Thursday Night Football: Cowboys LG Tyler Smith is active,Cowboys cornerback Joey Porter Jr. was a late scratch due to an illness.,"Thu, 08 Oct 2026 22:54:19 +0000",https://sports.yahoo.com/articles/thursday-night-football-cowboys-lg-225419398.html,,,2026-10-09T02:55:27Z
18497b25-e6c9-4af2-b085-506a3bfd5a73,yahoo_rss,"NFL Injury Report, Week 5: Latest news, updates on Lamar Jackson, Jayden Daniels for fantasy football",Injuries continue to pile up and we&#39;re here to track all the latest news and info for fantasy football in Week 5.,"Mon, 05 Oct 2026 18:21:57 +0000",https://sports.yahoo.com/fantasy/article/nfl-injury-report-week-5-latest-news-updates-on-lamar-jackson-jayden-daniels-for-fantasy-football-233159209.html,,,2026-10-09T02:55:27Z
59e869e7-5bc9-3a9f-9386-2809810146c6,yahoo_rss,"Tyler Shough back to full participation, Alvin Kamara and Chris Olave limited",Saints quarterback Tyler Shough downplayed his inclusion as a limited participant on Wednesday&#39;s injury report and Thursday&#39;s update on his participation supported that lack of concern.,"Thu, 08 Oct 2026 22:52:36 +0000",https://sports.yahoo.com/articles/tyler-shough-back-full-participation-225236334.html,,,2026-10-09T02:55:27Z
e97608ca-cc0a-30fe-adf9-77360928e7fd,yahoo_rss,Josh Allen provides update on whether or not a knee injury is limiting his running,Allen made this pretty clear,"Thu, 08 Oct 2026 22:50:37 +0000",https://sports.yahoo.com/articles/josh-allen-provides-whether-not-225037965.html,,,2026-10-09T02:55:27Z
c4c49ded-77f2-36a9-bd70-7785429ecb4e,yahoo_rss,Is Joey Porter Jr. playing tonight? What we know about Cowboys CB&#39;s status,The Dallas Cowboys are going to be down one of their most prominent cornerbacks when they take on the Tampa Bay Buccaneers on Thursday Night Football.,"Thu, 08 Oct 2026 22:47:37 +0000",https://sports.yahoo.com/articles/joey-porter-jr-health-cowboys-224737878.html,,,2026-10-09T02:55:27Z
92a6fbcb-c551-3d45-b9ec-08137c9ddaa9,yahoo_rss,Ashton Jeanty downgraded to limited practice on Thursday,Raiders running back Ashton Jeanty took a step in the wrong direction on Thursday&#39;s injury report.,"Thu, 08 Oct 2026 22:44:40 +0000",https://sports.yahoo.com/articles/ashton-jeanty-downgraded-limited-practice-224440225.html,,,2026-10-09T02:55:27Z
67a5d504-c102-3041-a31f-8f710abf81d6,yahoo_rss,49ers injury updates: Mike Evans misses practice; Dante Pettis released,There were a couple of changes to the 49ers injury report from Wednesday,"Thu, 08 Oct 2026 22:40:53 +0000",https://sports.yahoo.com/articles/49ers-injury-updates-mike-evans-224053622.html,,,2026-10-09T02:55:27Z
5fb6cef7-b6c4-3d79-a502-5bcb0e2c6f19,yahoo_rss,Thursday Night Football: Cowboys CB Joey Porter Jr. ruled out with an illness,"The Cowboys acquired Porter in a trade with the Steelers last week, and he played 25 snaps in his 2026 debut on Sunday.","Thu, 08 Oct 2026 22:40:51 +0000",https://sports.yahoo.com/articles/thursday-night-football-cowboys-cb-224051665.html,,,2026-10-09T02:55:27Z
24061671-411a-3600-a8ef-bd2b21c969f3,yahoo_rss,"RB Chris Brooks out of practice, Packers sign Pierre Strong to 53-man roster",The Packers were missing a running back at Thursday&#39;s practice and they signed another one to the active roster ahead of Sunday&#39;s game against the Bears.,"Thu, 08 Oct 2026 22:39:02 +0000",https://sports.yahoo.com/articles/rb-chris-brooks-practice-packers-223902843.html,,,2026-10-09T02:55:27Z
e9dfd0bd-dc9f-4d0a-817a-ea6a01242957,yahoo_rss,"NFL news, live updates: Jayden Daniels a &#39;full go&#39; and Ja&#39;Marr Chase is practicing; Sean Payton to reportedly have &#39;increased role&#39; in offensive play-calling with OC Davis Webb in Week 5",Follow along with the latest NFL news coming out of Week 4.,"Mon, 05 Oct 2026 12:02:06 +0000",https://sports.yahoo.com/nfl/live/nfl-news-injury-updates-fantasy-football-lamar-jackson-saquon-barkley-jamarr-chase-120206335.html,,,2026-10-09T02:55:27Z
66e2db27-d30d-34fc-9a91-1f4706014846,yahoo_rss,Keys before kickoff: Cowboys vs Buccaneers Week 5,Our final keys to the Cowboys game right before kickoff,"Thu, 08 Oct 2026 22:30:00 +0000",https://sports.yahoo.com/articles/keys-kickoff-cowboys-vs-buccaneers-223000254.html,,,2026-10-09T02:55:27Z
a77a9935-7180-35d5-bb72-9bbc49e57dfb,yahoo_rss,Saints draft position: Entering Week 5,"Up, up, up, we go.﻿","Thu, 08 Oct 2026 22:30:00 +0000",https://sports.yahoo.com/articles/saints-draft-position-entering-week-223000619.html,,,2026-10-09T02:55:27Z
16a18dbf-274f-35f4-bb13-52f6e4c0f636,yahoo_rss,49ers’ John Lynch scouts market ahead of NFL trade deadline: ‘Talking to other GMs’,The 49ers have come out unscathed through four weeks of the NFL season. But San Francisco could still make improvements to its roster before the trade deadline on Nov. 10....,"Thu, 08 Oct 2026 22:27:17 +0000",https://sports.yahoo.com/articles/49ers-john-lynch-scouts-market-222717974.html,,,2026-10-09T02:55:27Z
